open_time_utc,open
2026-08-20T14:44:00Z,0.099106
2026-08-20T14:45:00Z,0.099329
2026-08-20T14:46:00Z,0.099387
2026-08-20T14:47:00Z,0.099246
2026-08-20T14:48:00Z,0.099013
2026-08-20T14:49:00Z,0.098984
2026-08-20T14:50:00Z,0.099233
2026-08-20T14:51:00Z,0.099424
2026-08-20T14:52:00Z,0.099511
2026-08-20T14:53:00Z,0.099836
2026-08-20T14:54:00Z,0.099946
2026-08-20T14:55:00Z,0.099681
2026-08-20T14:56:00Z,0.099688
2026-08-20T14:57:00Z,0.099569
2026-08-20T14:58:00Z,0.0995
2026-08-20T14:59:00Z,0.099463
2026-08-20T15:00:00Z,0.099665
2026-08-20T15:01:00Z,0.099644
2026-08-20T15:02:00Z,0.099759
2026-08-20T15:03:00Z,0.10009
2026-08-20T15:04:00Z,0.10023
2026-08-20T15:05:00Z,0.10066
2026-08-20T15:06:00Z,0.10046
2026-08-20T15:07:00Z,0.10048
2026-08-20T15:08:00Z,0.10003
2026-08-20T15:09:00Z,0.099839
2026-08-20T15:10:00Z,0.099726
2026-08-20T15:11:00Z,0.099426
2026-08-20T15:12:00Z,0.0997
2026-08-20T15:13:00Z,0.099816
2026-08-20T15:14:00Z,0.099925
2026-08-20T15:15:00Z,0.099903
2026-08-20T15:16:00Z,0.099928
2026-08-20T15:17:00Z,0.10027
2026-08-20T15:18:00Z,0.10044
2026-08-20T15:19:00Z,0.10057
2026-08-20T15:20:00Z,0.10068
2026-08-20T15:21:00Z,0.10117
2026-08-20T15:22:00Z,0.10132
2026-08-20T15:23:00Z,0.10143
2026-08-20T15:24:00Z,0.10098
2026-08-20T15:25:00Z,0.10145
2026-08-20T15:26:00Z,0.10179
2026-08-20T15:27:00Z,0.10178
2026-08-20T15:28:00Z,0.10193
2026-08-20T15:29:00Z,0.10175
2026-08-20T15:30:00Z,0.10225
2026-08-20T15:31:00Z,0.10199
2026-08-20T15:32:00Z,0.10209
2026-08-20T15:33:00Z,0.10187
2026-08-20T15:34:00Z,0.10166
2026-08-20T15:35:00Z,0.10183
2026-08-20T15:36:00Z,0.10125
2026-08-20T15:37:00Z,0.1012
2026-08-20T15:38:00Z,0.1012
2026-08-20T15:39:00Z,0.10148
2026-08-20T15:40:00Z,0.10147
2026-08-20T15:41:00Z,0.10132
2026-08-20T15:42:00Z,0.10125
2026-08-20T15:43:00Z,0.10126
2026-08-20T15:44:00Z,0.10142
2026-08-20T15:45:00Z,0.10185
2026-08-20T15:46:00Z,0.10183
2026-08-20T15:47:00Z,0.10193
2026-08-20T15:48:00Z,0.10228
2026-08-20T15:49:00Z,0.10245
2026-08-20T15:50:00Z,0.1027
2026-08-20T15:51:00Z,0.10296
2026-08-20T15:52:00Z,0.10279
2026-08-20T15:53:00Z,0.10282
2026-08-20T15:54:00Z,0.10261
2026-08-20T15:55:00Z,0.10273
2026-08-20T15:56:00Z,0.1022
2026-08-20T15:57:00Z,0.10226
2026-08-20T15:58:00Z,0.10215
2026-08-20T15:59:00Z,0.10215
2026-08-20T16:00:00Z,0.10222
2026-08-20T16:01:00Z,0.10226
2026-08-20T16:02:00Z,0.10235
2026-08-20T16:03:00Z,0.10272
2026-08-20T16:04:00Z,0.10225
2026-08-20T16:05:00Z,0.10203
2026-08-20T16:06:00Z,0.10205
2026-08-20T16:07:00Z,0.1019
2026-08-20T16:08:00Z,0.10226
2026-08-20T16:09:00Z,0.10219
2026-08-20T16:10:00Z,0.10178
2026-08-20T16:11:00Z,0.10161
2026-08-20T16:12:00Z,0.1017
2026-08-20T16:13:00Z,0.10181
2026-08-20T16:14:00Z,0.10155
2026-08-20T16:15:00Z,0.10142
2026-08-20T16:16:00Z,0.10158
2026-08-20T16:17:00Z,0.10134
2026-08-20T16:18:00Z,0.10136
2026-08-20T16:19:00Z,0.1016
2026-08-20T16:20:00Z,0.10169
2026-08-20T16:21:00Z,0.10153
2026-08-20T16:22:00Z,0.10167
2026-08-20T16:23:00Z,0.10142
2026-08-20T16:24:00Z,0.10166
2026-08-20T16:25:00Z,0.10107
2026-08-20T16:26:00Z,0.10116
2026-08-20T16:27:00Z,0.10112
2026-08-20T16:28:00Z,0.10133
2026-08-20T16:29:00Z,0.1013
2026-08-20T16:30:00Z,0.10109
2026-08-20T16:31:00Z,0.10098
2026-08-20T16:32:00Z,0.10102
2026-08-20T16:33:00Z,0.10104
2026-08-20T16:34:00Z,0.10123
2026-08-20T16:35:00Z,0.10127
2026-08-20T16:36:00Z,0.10107
2026-08-20T16:37:00Z,0.10121
2026-08-20T16:38:00Z,0.10132
2026-08-20T16:39:00Z,0.1017
2026-08-20T16:40:00Z,0.10177
2026-08-20T16:41:00Z,0.10189
2026-08-20T16:42:00Z,0.10182
2026-08-20T16:43:00Z,0.10198
2026-08-20T16:44:00Z,0.10167
2026-08-20T16:45:00Z,0.10153
2026-08-20T16:46:00Z,0.10143
2026-08-20T16:47:00Z,0.10149
2026-08-20T16:48:00Z,0.10157
2026-08-20T16:49:00Z,0.1015
2026-08-20T16:50:00Z,0.10178
2026-08-20T16:51:00Z,0.10185
2026-08-20T16:52:00Z,0.10157
2026-08-20T16:53:00Z,0.10174
2026-08-20T16:54:00Z,0.10175
2026-08-20T16:55:00Z,0.10179
2026-08-20T16:56:00Z,0.10231
2026-08-20T16:57:00Z,0.1025
2026-08-20T16:58:00Z,0.10291
2026-08-20T16:59:00Z,0.10309
2026-08-20T17:00:00Z,0.10321
2026-08-20T17:01:00Z,0.1029
2026-08-20T17:02:00Z,0.10325
2026-08-20T17:03:00Z,0.10351
2026-08-20T17:04:00Z,0.10381
2026-08-20T17:05:00Z,0.10383
2026-08-20T17:06:00Z,0.10411
2026-08-20T17:07:00Z,0.10424
2026-08-20T17:08:00Z,0.1042
2026-08-20T17:09:00Z,0.10441
2026-08-20T17:10:00Z,0.10418
2026-08-20T17:11:00Z,0.10399
2026-08-20T17:12:00Z,0.10425
2026-08-20T17:13:00Z,0.10449
2026-08-20T17:14:00Z,0.10477
2026-08-20T17:15:00Z,0.10513
2026-08-20T17:16:00Z,0.10502
2026-08-20T17:17:00Z,0.10503
2026-08-20T17:18:00Z,0.1051
2026-08-20T17:19:00Z,0.10562
2026-08-20T17:20:00Z,0.10555
2026-08-20T17:21:00Z,0.10561
2026-08-20T17:22:00Z,0.10528
2026-08-20T17:23:00Z,0.10561
2026-08-20T17:24:00Z,0.10523
2026-08-20T17:25:00Z,0.10513
2026-08-20T17:26:00Z,0.10529
2026-08-20T17:27:00Z,0.10504
2026-08-20T17:28:00Z,0.10466
2026-08-20T17:29:00Z,0.10546
2026-08-20T17:30:00Z,0.1056
2026-08-20T17:31:00Z,0.10556
2026-08-20T17:32:00Z,0.10547
2026-08-20T17:33:00Z,0.10618
2026-08-20T17:34:00Z,0.10579
2026-08-20T17:35:00Z,0.10555
2026-08-20T17:36:00Z,0.10545
2026-08-20T17:37:00Z,0.106
2026-08-20T17:38:00Z,0.10649
2026-08-20T17:39:00Z,0.10705
2026-08-20T17:40:00Z,0.10666
2026-08-20T17:41:00Z,0.10683
2026-08-20T17:42:00Z,0.10667
2026-08-20T17:43:00Z,0.10695
2026-08-20T17:44:00Z,0.10714
2026-08-20T17:45:00Z,0.10693
2026-08-20T17:46:00Z,0.10685
2026-08-20T17:47:00Z,0.10709
2026-08-20T17:48:00Z,0.10704
2026-08-20T17:49:00Z,0.10649
2026-08-20T17:50:00Z,0.10638
2026-08-20T17:51:00Z,0.10638
2026-08-20T17:52:00Z,0.10638
2026-08-20T17:53:00Z,0.10638
2026-08-20T17:54:00Z,0.10622
2026-08-20T17:55:00Z,0.10695
2026-08-20T17:56:00Z,0.10705
2026-08-20T17:57:00Z,0.10717
2026-08-20T17:58:00Z,0.10704
2026-08-20T17:59:00Z,0.10713
2026-08-20T18:00:00Z,0.10692
2026-08-20T18:01:00Z,0.10707
2026-08-20T18:02:00Z,0.10685
2026-08-20T18:03:00Z,0.10675
2026-08-20T18:04:00Z,0.10669
2026-08-20T18:05:00Z,0.1059
2026-08-20T18:06:00Z,0.10604
2026-08-20T18:07:00Z,0.10595
2026-08-20T18:08:00Z,0.10655
2026-08-20T18:09:00Z,0.10659
2026-08-20T18:10:00Z,0.10692
2026-08-20T18:11:00Z,0.10682
2026-08-20T18:12:00Z,0.10689
2026-08-20T18:13:00Z,0.10663
2026-08-20T18:14:00Z,0.10679
2026-08-20T18:15:00Z,0.10613
2026-08-20T18:16:00Z,0.10664
2026-08-20T18:17:00Z,0.1067
2026-08-20T18:18:00Z,0.10691
2026-08-20T18:19:00Z,0.10703
2026-08-20T18:20:00Z,0.10726
2026-08-20T18:21:00Z,0.1077
2026-08-20T18:22:00Z,0.10745
2026-08-20T18:23:00Z,0.10746
2026-08-20T18:24:00Z,0.10729
2026-08-20T18:25:00Z,0.10746
2026-08-20T18:26:00Z,0.10745
2026-08-20T18:27:00Z,0.10721
2026-08-20T18:28:00Z,0.10683
2026-08-20T18:29:00Z,0.1075
2026-08-20T18:30:00Z,0.10776
2026-08-20T18:31:00Z,0.1073
2026-08-20T18:32:00Z,0.10696
2026-08-20T18:33:00Z,0.10721
2026-08-20T18:34:00Z,0.10681
2026-08-20T18:35:00Z,0.1064
2026-08-20T18:36:00Z,0.10662
2026-08-20T18:37:00Z,0.10712
2026-08-20T18:38:00Z,0.10729
2026-08-20T18:39:00Z,0.10739
2026-08-20T18:40:00Z,0.10749
2026-08-20T18:41:00Z,0.10776
2026-08-20T18:42:00Z,0.10799
2026-08-20T18:43:00Z,0.10809
2026-08-20T18:44:00Z,0.10835
2026-08-20T18:45:00Z,0.10818
2026-08-20T18:46:00Z,0.10836
2026-08-20T18:47:00Z,0.10882
2026-08-20T18:48:00Z,0.10889
2026-08-20T18:49:00Z,0.10906
2026-08-20T18:50:00Z,0.10889
2026-08-20T18:51:00Z,0.10903
2026-08-20T18:52:00Z,0.10907
2026-08-20T18:53:00Z,0.10877
2026-08-20T18:54:00Z,0.10862
2026-08-20T18:55:00Z,0.10906
2026-08-20T18:56:00Z,0.10888
2026-08-20T18:57:00Z,0.10852
2026-08-20T18:58:00Z,0.10789
2026-08-20T18:59:00Z,0.10771
2026-08-20T19:00:00Z,0.10755
2026-08-20T19:01:00Z,0.10825
2026-08-20T19:02:00Z,0.10824
2026-08-20T19:03:00Z,0.10825
2026-08-20T19:04:00Z,0.10813
2026-08-20T19:05:00Z,0.10807
2026-08-20T19:06:00Z,0.10863
2026-08-20T19:07:00Z,0.1089
2026-08-20T19:08:00Z,0.10928
2026-08-20T19:09:00Z,0.10919
2026-08-20T19:10:00Z,0.10914
2026-08-20T19:11:00Z,0.10981
2026-08-20T19:12:00Z,0.10996
2026-08-20T19:13:00Z,0.10983
2026-08-20T19:14:00Z,0.11043
2026-08-20T19:15:00Z,0.11031
2026-08-20T19:16:00Z,0.11002
2026-08-20T19:17:00Z,0.1095
2026-08-20T19:18:00Z,0.10903
2026-08-20T19:19:00Z,0.10852
2026-08-20T19:20:00Z,0.10933
2026-08-20T19:21:00Z,0.10917
2026-08-20T19:22:00Z,0.1095
2026-08-20T19:23:00Z,0.10983
2026-08-20T19:24:00Z,0.10943
2026-08-20T19:25:00Z,0.10872
2026-08-20T19:26:00Z,0.10854
2026-08-20T19:27:00Z,0.10839
2026-08-20T19:28:00Z,0.1088
2026-08-20T19:29:00Z,0.10866
2026-08-20T19:30:00Z,0.10838
2026-08-20T19:31:00Z,0.10911
2026-08-20T19:32:00Z,0.10914
2026-08-20T19:33:00Z,0.1088
2026-08-20T19:34:00Z,0.1089
2026-08-20T19:35:00Z,0.10853
2026-08-20T19:36:00Z,0.10903
2026-08-20T19:37:00Z,0.10947
2026-08-20T19:38:00Z,0.10971
2026-08-20T19:39:00Z,0.10965
2026-08-20T19:40:00Z,0.10978
2026-08-20T19:41:00Z,0.10976
2026-08-20T19:42:00Z,0.10965
2026-08-20T19:43:00Z,0.10917
2026-08-20T19:44:00Z,0.10889
2026-08-20T19:45:00Z,0.1088
2026-08-20T19:46:00Z,0.1086
2026-08-20T19:47:00Z,0.10833
2026-08-20T19:48:00Z,0.10832
2026-08-20T19:49:00Z,0.10833
2026-08-20T19:50:00Z,0.10818
2026-08-20T19:51:00Z,0.10816
2026-08-20T19:52:00Z,0.10773
2026-08-20T19:53:00Z,0.1083
2026-08-20T19:54:00Z,0.10831
2026-08-20T19:55:00Z,0.10816
2026-08-20T19:56:00Z,0.10835
2026-08-20T19:57:00Z,0.10782
2026-08-20T19:58:00Z,0.10757
2026-08-20T19:59:00Z,0.10773
2026-08-20T20:00:00Z,0.10781
2026-08-20T20:01:00Z,0.10718
2026-08-20T20:02:00Z,0.10715
2026-08-20T20:03:00Z,0.10767
2026-08-20T20:04:00Z,0.10802
2026-08-20T20:05:00Z,0.10823
2026-08-20T20:06:00Z,0.10848
2026-08-20T20:07:00Z,0.10855
2026-08-20T20:08:00Z,0.10861
2026-08-20T20:09:00Z,0.10866
2026-08-20T20:10:00Z,0.10914
2026-08-20T20:11:00Z,0.10933
2026-08-20T20:12:00Z,0.10947
2026-08-20T20:13:00Z,0.10957
2026-08-20T20:14:00Z,0.10974
2026-08-20T20:15:00Z,0.11
2026-08-20T20:16:00Z,0.11
2026-08-20T20:17:00Z,0.11042
2026-08-20T20:18:00Z,0.11051
2026-08-20T20:19:00Z,0.11031
2026-08-20T20:20:00Z,0.10967
2026-08-20T20:21:00Z,0.10975
2026-08-20T20:22:00Z,0.10978
2026-08-20T20:23:00Z,0.10964
2026-08-20T20:24:00Z,0.10926
2026-08-20T20:25:00Z,0.10911
2026-08-20T20:26:00Z,0.1095
2026-08-20T20:27:00Z,0.10977
2026-08-20T20:28:00Z,0.10964
2026-08-20T20:29:00Z,0.10917
2026-08-20T20:30:00Z,0.10901
2026-08-20T20:31:00Z,0.10882
2026-08-20T20:32:00Z,0.10899
2026-08-20T20:33:00Z,0.10899
2026-08-20T20:34:00Z,0.1089
2026-08-20T20:35:00Z,0.10894
2026-08-20T20:36:00Z,0.10948
2026-08-20T20:37:00Z,0.10981
2026-08-20T20:38:00Z,0.10971
2026-08-20T20:39:00Z,0.10966
2026-08-20T20:40:00Z,0.10949
2026-08-20T20:41:00Z,0.10933
2026-08-20T20:42:00Z,0.10933
2026-08-20T20:43:00Z,0.1095
2026-08-20T20:44:00Z,0.10996
2026-08-20T20:45:00Z,0.10966
2026-08-20T20:46:00Z,0.10983
2026-08-20T20:47:00Z,0.11
2026-08-20T20:48:00Z,0.11033
2026-08-20T20:49:00Z,0.11
2026-08-20T20:50:00Z,0.10997
2026-08-20T20:51:00Z,0.10981
2026-08-20T20:52:00Z,0.11016
2026-08-20T20:53:00Z,0.11027
2026-08-20T20:54:00Z,0.11045
2026-08-20T20:55:00Z,0.11021
2026-08-20T20:56:00Z,0.11034
2026-08-20T20:57:00Z,0.11092
2026-08-20T20:58:00Z,0.11144
2026-08-20T20:59:00Z,0.11154
2026-08-20T21:00:00Z,0.11182
2026-08-20T21:01:00Z,0.11217
2026-08-20T21:02:00Z,0.11221
2026-08-20T21:03:00Z,0.11236
2026-08-20T21:04:00Z,0.11269
2026-08-20T21:05:00Z,0.11282
2026-08-20T21:06:00Z,0.11255
2026-08-20T21:07:00Z,0.11215
2026-08-20T21:08:00Z,0.11281
2026-08-20T21:09:00Z,0.11287
2026-08-20T21:10:00Z,0.11344
2026-08-20T21:11:00Z,0.11341
2026-08-20T21:12:00Z,0.11335
2026-08-20T21:13:00Z,0.11334
2026-08-20T21:14:00Z,0.11398
2026-08-20T21:15:00Z,0.11407
2026-08-20T21:16:00Z,0.11378
2026-08-20T21:17:00Z,0.11329
2026-08-20T21:18:00Z,0.11327
2026-08-20T21:19:00Z,0.11351
2026-08-20T21:20:00Z,0.11333
2026-08-20T21:21:00Z,0.11301
2026-08-20T21:22:00Z,0.11348
2026-08-20T21:23:00Z,0.11301
2026-08-20T21:24:00Z,0.11339
2026-08-20T21:25:00Z,0.11362
2026-08-20T21:26:00Z,0.11396
2026-08-20T21:27:00Z,0.11358
2026-08-20T21:28:00Z,0.11286
2026-08-20T21:29:00Z,0.11243
2026-08-20T21:30:00Z,0.11243
2026-08-20T21:31:00Z,0.11219
2026-08-20T21:32:00Z,0.11229
2026-08-20T21:33:00Z,0.11249
2026-08-20T21:34:00Z,0.112
2026-08-20T21:35:00Z,0.11147
2026-08-20T21:36:00Z,0.11168
2026-08-20T21:37:00Z,0.11171
2026-08-20T21:38:00Z,0.11152
2026-08-20T21:39:00Z,0.11146
2026-08-20T21:40:00Z,0.11104
2026-08-20T21:41:00Z,0.11116
2026-08-20T21:42:00Z,0.11094
2026-08-20T21:43:00Z,0.11075
2026-08-20T21:44:00Z,0.11076
2026-08-20T21:45:00Z,0.11122
2026-08-20T21:46:00Z,0.11099
2026-08-20T21:47:00Z,0.11111
2026-08-20T21:48:00Z,0.11091
2026-08-20T21:49:00Z,0.11057
2026-08-20T21:50:00Z,0.11088
2026-08-20T21:51:00Z,0.11143
2026-08-20T21:52:00Z,0.11174
2026-08-20T21:53:00Z,0.11197
2026-08-20T21:54:00Z,0.11166
2026-08-20T21:55:00Z,0.11187
2026-08-20T21:56:00Z,0.11209
2026-08-20T21:57:00Z,0.11233
2026-08-20T21:58:00Z,0.11336
2026-08-20T21:59:00Z,0.11368
2026-08-20T22:00:00Z,0.11346
2026-08-20T22:01:00Z,0.11461
2026-08-20T22:02:00Z,0.11402
2026-08-20T22:03:00Z,0.11351
2026-08-20T22:04:00Z,0.11334
2026-08-20T22:05:00Z,0.11327
2026-08-20T22:06:00Z,0.11413
2026-08-20T22:07:00Z,0.11454
2026-08-20T22:08:00Z,0.11486
2026-08-20T22:09:00Z,0.11484
2026-08-20T22:10:00Z,0.11498
2026-08-20T22:11:00Z,0.11572
2026-08-20T22:12:00Z,0.11553
2026-08-20T22:13:00Z,0.11499
2026-08-20T22:14:00Z,0.11511
2026-08-20T22:15:00Z,0.11489
2026-08-20T22:16:00Z,0.11531
2026-08-20T22:17:00Z,0.11512
2026-08-20T22:18:00Z,0.11527
2026-08-20T22:19:00Z,0.11438
2026-08-20T22:20:00Z,0.11455
2026-08-20T22:21:00Z,0.11466
2026-08-20T22:22:00Z,0.11435
2026-08-20T22:23:00Z,0.1147
2026-08-20T22:24:00Z,0.11464
2026-08-20T22:25:00Z,0.11557
2026-08-20T22:26:00Z,0.11545
2026-08-20T22:27:00Z,0.11558
2026-08-20T22:28:00Z,0.11521
2026-08-20T22:29:00Z,0.11568
2026-08-20T22:30:00Z,0.11531
2026-08-20T22:31:00Z,0.11493
2026-08-20T22:32:00Z,0.11486
2026-08-20T22:33:00Z,0.11546
2026-08-20T22:34:00Z,0.11577
2026-08-20T22:35:00Z,0.11582
2026-08-20T22:36:00Z,0.11524
2026-08-20T22:37:00Z,0.11545
2026-08-20T22:38:00Z,0.11559
2026-08-20T22:39:00Z,0.1156
2026-08-20T22:40:00Z,0.11603
2026-08-20T22:41:00Z,0.11528
2026-08-20T22:42:00Z,0.11519
2026-08-20T22:43:00Z,0.11537
2026-08-20T22:44:00Z,0.11513
2026-08-20T22:45:00Z,0.115
2026-08-20T22:46:00Z,0.11534
2026-08-20T22:47:00Z,0.11538
2026-08-20T22:48:00Z,0.1156
2026-08-20T22:49:00Z,0.11577
2026-08-20T22:50:00Z,0.1161
2026-08-20T22:51:00Z,0.11631
2026-08-20T22:52:00Z,0.11616
2026-08-20T22:53:00Z,0.11631
2026-08-20T22:54:00Z,0.11625
2026-08-20T22:55:00Z,0.11607
2026-08-20T22:56:00Z,0.11589
2026-08-20T22:57:00Z,0.11603
2026-08-20T22:58:00Z,0.11584
2026-08-20T22:59:00Z,0.11565
2026-08-20T23:00:00Z,0.11534
2026-08-20T23:01:00Z,0.11573
2026-08-20T23:02:00Z,0.11539
2026-08-20T23:03:00Z,0.11541
2026-08-20T23:04:00Z,0.11507
2026-08-20T23:05:00Z,0.11542
2026-08-20T23:06:00Z,0.11629
2026-08-20T23:07:00Z,0.11635
2026-08-20T23:08:00Z,0.11626
2026-08-20T23:09:00Z,0.11663
2026-08-20T23:10:00Z,0.11674
2026-08-20T23:11:00Z,0.11692
2026-08-20T23:12:00Z,0.11675
2026-08-20T23:13:00Z,0.1169
2026-08-20T23:14:00Z,0.1167
2026-08-20T23:15:00Z,0.11703
2026-08-20T23:16:00Z,0.11658
2026-08-20T23:17:00Z,0.11631
2026-08-20T23:18:00Z,0.1167
2026-08-20T23:19:00Z,0.11682
2026-08-20T23:20:00Z,0.11689
2026-08-20T23:21:00Z,0.11733
2026-08-20T23:22:00Z,0.11762
2026-08-20T23:23:00Z,0.11768
2026-08-20T23:24:00Z,0.11715
2026-08-20T23:25:00Z,0.11732
2026-08-20T23:26:00Z,0.11773
2026-08-20T23:27:00Z,0.11775
2026-08-20T23:28:00Z,0.11831
2026-08-20T23:29:00Z,0.1183
2026-08-20T23:30:00Z,0.11826
2026-08-20T23:31:00Z,0.11861
2026-08-20T23:32:00Z,0.11836
2026-08-20T23:33:00Z,0.11804
2026-08-20T23:34:00Z,0.11806
2026-08-20T23:35:00Z,0.11832
2026-08-20T23:36:00Z,0.11859
2026-08-20T23:37:00Z,0.11883
2026-08-20T23:38:00Z,0.11802
2026-08-20T23:39:00Z,0.11789
2026-08-20T23:40:00Z,0.11775
2026-08-20T23:41:00Z,0.11822
2026-08-20T23:42:00Z,0.11812
2026-08-20T23:43:00Z,0.11761
2026-08-20T23:44:00Z,0.11751
2026-08-20T23:45:00Z,0.11733
2026-08-20T23:46:00Z,0.11717
2026-08-20T23:47:00Z,0.11749
2026-08-20T23:48:00Z,0.1172
2026-08-20T23:49:00Z,0.11703
2026-08-20T23:50:00Z,0.11676
2026-08-20T23:51:00Z,0.11728
2026-08-20T23:52:00Z,0.11733
2026-08-20T23:53:00Z,0.11751
2026-08-20T23:54:00Z,0.11785
2026-08-20T23:55:00Z,0.11798
2026-08-20T23:56:00Z,0.11798
2026-08-20T23:57:00Z,0.11748
2026-08-20T23:58:00Z,0.11744
2026-08-20T23:59:00Z,0.11687
2026-08-21T00:00:00Z,0.1169
2026-08-21T00:01:00Z,0.11745
2026-08-21T00:02:00Z,0.11766
2026-08-21T00:03:00Z,0.11779
2026-08-21T00:04:00Z,0.11738
2026-08-21T00:05:00Z,0.11722
2026-08-21T00:06:00Z,0.11737
2026-08-21T00:07:00Z,0.11771
2026-08-21T00:08:00Z,0.11777
2026-08-21T00:09:00Z,0.11748
2026-08-21T00:10:00Z,0.11696
2026-08-21T00:11:00Z,0.11684
2026-08-21T00:12:00Z,0.11678
2026-08-21T00:13:00Z,0.11644
2026-08-21T00:14:00Z,0.11642
2026-08-21T00:15:00Z,0.11682
2026-08-21T00:16:00Z,0.11655
2026-08-21T00:17:00Z,0.11645
2026-08-21T00:18:00Z,0.11668
2026-08-21T00:19:00Z,0.11733
2026-08-21T00:20:00Z,0.11766
2026-08-21T00:21:00Z,0.11822
2026-08-21T00:22:00Z,0.11813
2026-08-21T00:23:00Z,0.11814
2026-08-21T00:24:00Z,0.11829
2026-08-21T00:25:00Z,0.11835
2026-08-21T00:26:00Z,0.11808
2026-08-21T00:27:00Z,0.11822
2026-08-21T00:28:00Z,0.11842
2026-08-21T00:29:00Z,0.11821
2026-08-21T00:30:00Z,0.11812
2026-08-21T00:31:00Z,0.11839
2026-08-21T00:32:00Z,0.11773
2026-08-21T00:33:00Z,0.11792
2026-08-21T00:34:00Z,0.11827
2026-08-21T00:35:00Z,0.11796
2026-08-21T00:36:00Z,0.11718
2026-08-21T00:37:00Z,0.11697
2026-08-21T00:38:00Z,0.11712
2026-08-21T00:39:00Z,0.11783
2026-08-21T00:40:00Z,0.11812
2026-08-21T00:41:00Z,0.11812
2026-08-21T00:42:00Z,0.11816
2026-08-21T00:43:00Z,0.11843
2026-08-21T00:44:00Z,0.11811
2026-08-21T00:45:00Z,0.1181
2026-08-21T00:46:00Z,0.11834
2026-08-21T00:47:00Z,0.11871
2026-08-21T00:48:00Z,0.11845
2026-08-21T00:49:00Z,0.1185
2026-08-21T00:50:00Z,0.11793
2026-08-21T00:51:00Z,0.11808
2026-08-21T00:52:00Z,0.11831
2026-08-21T00:53:00Z,0.11836
2026-08-21T00:54:00Z,0.11901
2026-08-21T00:55:00Z,0.11886
2026-08-21T00:56:00Z,0.1189
2026-08-21T00:57:00Z,0.11957
2026-08-21T00:58:00Z,0.11948
2026-08-21T00:59:00Z,0.1194
2026-08-21T01:00:00Z,0.11984
2026-08-21T01:01:00Z,0.11973
2026-08-21T01:02:00Z,0.11979
2026-08-21T01:03:00Z,0.12004
2026-08-21T01:04:00Z,0.12008
2026-08-21T01:05:00Z,0.1197
2026-08-21T01:06:00Z,0.11943
2026-08-21T01:07:00Z,0.11926
2026-08-21T01:08:00Z,0.11916
2026-08-21T01:09:00Z,0.11999
2026-08-21T01:10:00Z,0.12011
2026-08-21T01:11:00Z,0.1202
2026-08-21T01:12:00Z,0.12038
2026-08-21T01:13:00Z,0.12
2026-08-21T01:14:00Z,0.11962
2026-08-21T01:15:00Z,0.11942
2026-08-21T01:16:00Z,0.11938
2026-08-21T01:17:00Z,0.11988
2026-08-21T01:18:00Z,0.11964
2026-08-21T01:19:00Z,0.11981
2026-08-21T01:20:00Z,0.11945
2026-08-21T01:21:00Z,0.11862
2026-08-21T01:22:00Z,0.11863
2026-08-21T01:23:00Z,0.11844
2026-08-21T01:24:00Z,0.1184
2026-08-21T01:25:00Z,0.11823
2026-08-21T01:26:00Z,0.11814
2026-08-21T01:27:00Z,0.11806
2026-08-21T01:28:00Z,0.11867
2026-08-21T01:29:00Z,0.11904
2026-08-21T01:30:00Z,0.11874
2026-08-21T01:31:00Z,0.11867
2026-08-21T01:32:00Z,0.11912
2026-08-21T01:33:00Z,0.11888
2026-08-21T01:34:00Z,0.11913
2026-08-21T01:35:00Z,0.11952
2026-08-21T01:36:00Z,0.11945
2026-08-21T01:37:00Z,0.11942
2026-08-21T01:38:00Z,0.11962
2026-08-21T01:39:00Z,0.11994
2026-08-21T01:40:00Z,0.12008
2026-08-21T01:41:00Z,0.11981
2026-08-21T01:42:00Z,0.11992
2026-08-21T01:43:00Z,0.12096
2026-08-21T01:44:00Z,0.12137
2026-08-21T01:45:00Z,0.12184
2026-08-21T01:46:00Z,0.12181
2026-08-21T01:47:00Z,0.12148
2026-08-21T01:48:00Z,0.12199
2026-08-21T01:49:00Z,0.1212
2026-08-21T01:50:00Z,0.12058
2026-08-21T01:51:00Z,0.12094
2026-08-21T01:52:00Z,0.12151
2026-08-21T01:53:00Z,0.12158
2026-08-21T01:54:00Z,0.1221
2026-08-21T01:55:00Z,0.12201
2026-08-21T01:56:00Z,0.12249
2026-08-21T01:57:00Z,0.1212
2026-08-21T01:58:00Z,0.12082
2026-08-21T01:59:00Z,0.12094
2026-08-21T02:00:00Z,0.12123
2026-08-21T02:01:00Z,0.1213
2026-08-21T02:02:00Z,0.1215
2026-08-21T02:03:00Z,0.12133
2026-08-21T02:04:00Z,0.12156
2026-08-21T02:05:00Z,0.12217
2026-08-21T02:06:00Z,0.12202
2026-08-21T02:07:00Z,0.12298
2026-08-21T02:08:00Z,0.1229
2026-08-21T02:09:00Z,0.12303
2026-08-21T02:10:00Z,0.12257
2026-08-21T02:11:00Z,0.12203
2026-08-21T02:12:00Z,0.12153
2026-08-21T02:13:00Z,0.12097
2026-08-21T02:14:00Z,0.12129
2026-08-21T02:15:00Z,0.12113
2026-08-21T02:16:00Z,0.12081
2026-08-21T02:17:00Z,0.12184
2026-08-21T02:18:00Z,0.12225
2026-08-21T02:19:00Z,0.12249
2026-08-21T02:20:00Z,0.1219
2026-08-21T02:21:00Z,0.12204
2026-08-21T02:22:00Z,0.12283
2026-08-21T02:23:00Z,0.12319
2026-08-21T02:24:00Z,0.12308
2026-08-21T02:25:00Z,0.12255
2026-08-21T02:26:00Z,0.12288
2026-08-21T02:27:00Z,0.1226
2026-08-21T02:28:00Z,0.12332
2026-08-21T02:29:00Z,0.12264
2026-08-21T02:30:00Z,0.12212
2026-08-21T02:31:00Z,0.12255
2026-08-21T02:32:00Z,0.12254
2026-08-21T02:33:00Z,0.12293
2026-08-21T02:34:00Z,0.12247
2026-08-21T02:35:00Z,0.12309
2026-08-21T02:36:00Z,0.12208
2026-08-21T02:37:00Z,0.12157
2026-08-21T02:38:00Z,0.12115
2026-08-21T02:39:00Z,0.12138
2026-08-21T02:40:00Z,0.12219
2026-08-21T02:41:00Z,0.12225
2026-08-21T02:42:00Z,0.123
2026-08-21T02:43:00Z,0.12287
2026-08-21T02:44:00Z,0.12282
2026-08-21T02:45:00Z,0.12241
2026-08-21T02:46:00Z,0.12226
2026-08-21T02:47:00Z,0.12297
2026-08-21T02:48:00Z,0.12293
2026-08-21T02:49:00Z,0.1227
2026-08-21T02:50:00Z,0.12276
2026-08-21T02:51:00Z,0.12324
2026-08-21T02:52:00Z,0.12341
2026-08-21T02:53:00Z,0.12359
2026-08-21T02:54:00Z,0.12382
2026-08-21T02:55:00Z,0.12382
2026-08-21T02:56:00Z,0.12405
2026-08-21T02:57:00Z,0.12399
2026-08-21T02:58:00Z,0.12398
2026-08-21T02:59:00Z,0.1244
2026-08-21T03:00:00Z,0.12354
2026-08-21T03:01:00Z,0.1233
2026-08-21T03:02:00Z,0.12323
2026-08-21T03:03:00Z,0.12287
2026-08-21T03:04:00Z,0.12248
2026-08-21T03:05:00Z,0.12223
2026-08-21T03:06:00Z,0.12221
2026-08-21T03:07:00Z,0.12232
2026-08-21T03:08:00Z,0.12246
2026-08-21T03:09:00Z,0.12251
2026-08-21T03:10:00Z,0.12266
2026-08-21T03:11:00Z,0.12223
2026-08-21T03:12:00Z,0.12282
2026-08-21T03:13:00Z,0.12251
2026-08-21T03:14:00Z,0.12176
2026-08-21T03:15:00Z,0.121
2026-08-21T03:16:00Z,0.12128
2026-08-21T03:17:00Z,0.12143
2026-08-21T03:18:00Z,0.12169
2026-08-21T03:19:00Z,0.12205
2026-08-21T03:20:00Z,0.12249
2026-08-21T03:21:00Z,0.12259
2026-08-21T03:22:00Z,0.12241
2026-08-21T03:23:00Z,0.1224
2026-08-21T03:24:00Z,0.1226
2026-08-21T03:25:00Z,0.12288
2026-08-21T03:26:00Z,0.12256
2026-08-21T03:27:00Z,0.12305
2026-08-21T03:28:00Z,0.12284
2026-08-21T03:29:00Z,0.12267
2026-08-21T03:30:00Z,0.12261
2026-08-21T03:31:00Z,0.12393
2026-08-21T03:32:00Z,0.12395
2026-08-21T03:33:00Z,0.12348
2026-08-21T03:34:00Z,0.12454
2026-08-21T03:35:00Z,0.12449
2026-08-21T03:36:00Z,0.12454
2026-08-21T03:37:00Z,0.12476
2026-08-21T03:38:00Z,0.1241
2026-08-21T03:39:00Z,0.12454
2026-08-21T03:40:00Z,0.12511
2026-08-21T03:41:00Z,0.1251
2026-08-21T03:42:00Z,0.12519
2026-08-21T03:43:00Z,0.1253
2026-08-21T03:44:00Z,0.12489
2026-08-21T03:45:00Z,0.12491
2026-08-21T03:46:00Z,0.12549
2026-08-21T03:47:00Z,0.1248
2026-08-21T03:48:00Z,0.12419
2026-08-21T03:49:00Z,0.12461
2026-08-21T03:50:00Z,0.12477
2026-08-21T03:51:00Z,0.12477
2026-08-21T03:52:00Z,0.12458
2026-08-21T03:53:00Z,0.12444
2026-08-21T03:54:00Z,0.1239
2026-08-21T03:55:00Z,0.1243
2026-08-21T03:56:00Z,0.1249
2026-08-21T03:57:00Z,0.1243
2026-08-21T03:58:00Z,0.12468
2026-08-21T03:59:00Z,0.12522
2026-08-21T04:00:00Z,0.12524
2026-08-21T04:01:00Z,0.12504
2026-08-21T04:02:00Z,0.12525
2026-08-21T04:03:00Z,0.12523
2026-08-21T04:04:00Z,0.12604
2026-08-21T04:05:00Z,0.12527
2026-08-21T04:06:00Z,0.12475
2026-08-21T04:07:00Z,0.1241
2026-08-21T04:08:00Z,0.12392
2026-08-21T04:09:00Z,0.12403
2026-08-21T04:10:00Z,0.12436
2026-08-21T04:11:00Z,0.12426
2026-08-21T04:12:00Z,0.12456
2026-08-21T04:13:00Z,0.12417
2026-08-21T04:14:00Z,0.12388
2026-08-21T04:15:00Z,0.12442
2026-08-21T04:16:00Z,0.12459
2026-08-21T04:17:00Z,0.12426
2026-08-21T04:18:00Z,0.12468
2026-08-21T04:19:00Z,0.1259
2026-08-21T04:20:00Z,0.1256
2026-08-21T04:21:00Z,0.12573
2026-08-21T04:22:00Z,0.12477
2026-08-21T04:23:00Z,0.12483
2026-08-21T04:24:00Z,0.12519
2026-08-21T04:25:00Z,0.12515
2026-08-21T04:26:00Z,0.1254
2026-08-21T04:27:00Z,0.1253
2026-08-21T04:28:00Z,0.12519
2026-08-21T04:29:00Z,0.12542
2026-08-21T04:30:00Z,0.12576
2026-08-21T04:31:00Z,0.12507
2026-08-21T04:32:00Z,0.12506
2026-08-21T04:33:00Z,0.12491
2026-08-21T04:34:00Z,0.12542
2026-08-21T04:35:00Z,0.12589
2026-08-21T04:36:00Z,0.12608
2026-08-21T04:37:00Z,0.12615
2026-08-21T04:38:00Z,0.12584
2026-08-21T04:39:00Z,0.12595
2026-08-21T04:40:00Z,0.12645
2026-08-21T04:41:00Z,0.12627
2026-08-21T04:42:00Z,0.12557
2026-08-21T04:43:00Z,0.12587
2026-08-21T04:44:00Z,0.12534
2026-08-21T04:45:00Z,0.125
2026-08-21T04:46:00Z,0.12533
2026-08-21T04:47:00Z,0.12526
2026-08-21T04:48:00Z,0.12498
2026-08-21T04:49:00Z,0.12462
2026-08-21T04:50:00Z,0.12505
2026-08-21T04:51:00Z,0.12557
2026-08-21T04:52:00Z,0.12565
2026-08-21T04:53:00Z,0.1259
2026-08-21T04:54:00Z,0.12573
2026-08-21T04:55:00Z,0.12613
2026-08-21T04:56:00Z,0.12639
2026-08-21T04:57:00Z,0.12618
2026-08-21T04:58:00Z,0.12613
2026-08-21T04:59:00Z,0.12638
2026-08-21T05:00:00Z,0.12611
2026-08-21T05:01:00Z,0.12662
2026-08-21T05:02:00Z,0.12627
2026-08-21T05:03:00Z,0.12638
2026-08-21T05:04:00Z,0.12714
2026-08-21T05:05:00Z,0.12667
2026-08-21T05:06:00Z,0.12677
2026-08-21T05:07:00Z,0.12717
2026-08-21T05:08:00Z,0.12758
2026-08-21T05:09:00Z,0.12757
2026-08-21T05:10:00Z,0.127
2026-08-21T05:11:00Z,0.12713
2026-08-21T05:12:00Z,0.12773
2026-08-21T05:13:00Z,0.12774
2026-08-21T05:14:00Z,0.12744
2026-08-21T05:15:00Z,0.12766
2026-08-21T05:16:00Z,0.12841
2026-08-21T05:17:00Z,0.12867
2026-08-21T05:18:00Z,0.12926
2026-08-21T05:19:00Z,0.12982
2026-08-21T05:20:00Z,0.12974
2026-08-21T05:21:00Z,0.13003
2026-08-21T05:22:00Z,0.12995
2026-08-21T05:23:00Z,0.12974
2026-08-21T05:24:00Z,0.12943
2026-08-21T05:25:00Z,0.12947
2026-08-21T05:26:00Z,0.12929
2026-08-21T05:27:00Z,0.12914
2026-08-21T05:28:00Z,0.12914
2026-08-21T05:29:00Z,0.12963
2026-08-21T05:30:00Z,0.12944
2026-08-21T05:31:00Z,0.12947
2026-08-21T05:32:00Z,0.12956
2026-08-21T05:33:00Z,0.12926
2026-08-21T05:34:00Z,0.12839
2026-08-21T05:35:00Z,0.12852
2026-08-21T05:36:00Z,0.12929
2026-08-21T05:37:00Z,0.12924
2026-08-21T05:38:00Z,0.12865
2026-08-21T05:39:00Z,0.12814
2026-08-21T05:40:00Z,0.12694
2026-08-21T05:41:00Z,0.12715
2026-08-21T05:42:00Z,0.12694
2026-08-21T05:43:00Z,0.12711
2026-08-21T05:44:00Z,0.12677
2026-08-21T05:45:00Z,0.12667
2026-08-21T05:46:00Z,0.12745
2026-08-21T05:47:00Z,0.12767
2026-08-21T05:48:00Z,0.1276
2026-08-21T05:49:00Z,0.12779
2026-08-21T05:50:00Z,0.12844
2026-08-21T05:51:00Z,0.12866
2026-08-21T05:52:00Z,0.12875
2026-08-21T05:53:00Z,0.12851
2026-08-21T05:54:00Z,0.12968
2026-08-21T05:55:00Z,0.13013
2026-08-21T05:56:00Z,0.13074
2026-08-21T05:57:00Z,0.13055
2026-08-21T05:58:00Z,0.13073
2026-08-21T05:59:00Z,0.13075
2026-08-21T06:00:00Z,0.13096
2026-08-21T06:01:00Z,0.12951
2026-08-21T06:02:00Z,0.12889
2026-08-21T06:03:00Z,0.12886
2026-08-21T06:04:00Z,0.12905
2026-08-21T06:05:00Z,0.12869
2026-08-21T06:06:00Z,0.12866
2026-08-21T06:07:00Z,0.12904
2026-08-21T06:08:00Z,0.1291
2026-08-21T06:09:00Z,0.12896
2026-08-21T06:10:00Z,0.12889
2026-08-21T06:11:00Z,0.12889
2026-08-21T06:12:00Z,0.12935
2026-08-21T06:13:00Z,0.1293
2026-08-21T06:14:00Z,0.12953
2026-08-21T06:15:00Z,0.12983
2026-08-21T06:16:00Z,0.12995
2026-08-21T06:17:00Z,0.13064
2026-08-21T06:18:00Z,0.13059
2026-08-21T06:19:00Z,0.13037
2026-08-21T06:20:00Z,0.13047
2026-08-21T06:21:00Z,0.12986
2026-08-21T06:22:00Z,0.12983
2026-08-21T06:23:00Z,0.12965
2026-08-21T06:24:00Z,0.12993
2026-08-21T06:25:00Z,0.13006
2026-08-21T06:26:00Z,0.12993
2026-08-21T06:27:00Z,0.13069
2026-08-21T06:28:00Z,0.13008
2026-08-21T06:29:00Z,0.13032
2026-08-21T06:30:00Z,0.13017
2026-08-21T06:31:00Z,0.12984
2026-08-21T06:32:00Z,0.12953
2026-08-21T06:33:00Z,0.12997
2026-08-21T06:34:00Z,0.12964
2026-08-21T06:35:00Z,0.1293
2026-08-21T06:36:00Z,0.12874
2026-08-21T06:37:00Z,0.12833
2026-08-21T06:38:00Z,0.12844
2026-08-21T06:39:00Z,0.12818
2026-08-21T06:40:00Z,0.12937
2026-08-21T06:41:00Z,0.12918
2026-08-21T06:42:00Z,0.13005
2026-08-21T06:43:00Z,0.12993
2026-08-21T06:44:00Z,0.1304
2026-08-21T06:45:00Z,0.12985
2026-08-21T06:46:00Z,0.12934
2026-08-21T06:47:00Z,0.12959
2026-08-21T06:48:00Z,0.12988
2026-08-21T06:49:00Z,0.13019
2026-08-21T06:50:00Z,0.13011
2026-08-21T06:51:00Z,0.12971
2026-08-21T06:52:00Z,0.12952
2026-08-21T06:53:00Z,0.12984
2026-08-21T06:54:00Z,0.13072
2026-08-21T06:55:00Z,0.13149
2026-08-21T06:56:00Z,0.13111
2026-08-21T06:57:00Z,0.13092
2026-08-21T06:58:00Z,0.13115
2026-08-21T06:59:00Z,0.13106
2026-08-21T07:00:00Z,0.13046
2026-08-21T07:01:00Z,0.13022
2026-08-21T07:02:00Z,0.13001
2026-08-21T07:03:00Z,0.13125
2026-08-21T07:04:00Z,0.13133
2026-08-21T07:05:00Z,0.13129
2026-08-21T07:06:00Z,0.13163
2026-08-21T07:07:00Z,0.13188
2026-08-21T07:08:00Z,0.13228
2026-08-21T07:09:00Z,0.13231
2026-08-21T07:10:00Z,0.13236
2026-08-21T07:11:00Z,0.1326
2026-08-21T07:12:00Z,0.1326
2026-08-21T07:13:00Z,0.1326
2026-08-21T07:14:00Z,0.13161
2026-08-21T07:15:00Z,0.13213
2026-08-21T07:16:00Z,0.13288
2026-08-21T07:17:00Z,0.13293
2026-08-21T07:18:00Z,0.13288
2026-08-21T07:19:00Z,0.13294
2026-08-21T07:20:00Z,0.13272
2026-08-21T07:21:00Z,0.13278
2026-08-21T07:22:00Z,0.13241
2026-08-21T07:23:00Z,0.132
2026-08-21T07:24:00Z,0.13225
2026-08-21T07:25:00Z,0.13262
2026-08-21T07:26:00Z,0.13317
2026-08-21T07:27:00Z,0.13336
2026-08-21T07:28:00Z,0.1332
2026-08-21T07:29:00Z,0.13254
2026-08-21T07:30:00Z,0.13266
2026-08-21T07:31:00Z,0.13285
2026-08-21T07:32:00Z,0.13277
2026-08-21T07:33:00Z,0.13293
2026-08-21T07:34:00Z,0.13256
2026-08-21T07:35:00Z,0.13325
2026-08-21T07:36:00Z,0.13355
2026-08-21T07:37:00Z,0.13322
2026-08-21T07:38:00Z,0.1326
2026-08-21T07:39:00Z,0.13254
2026-08-21T07:40:00Z,0.13238
2026-08-21T07:41:00Z,0.13264
2026-08-21T07:42:00Z,0.13222
2026-08-21T07:43:00Z,0.13234
2026-08-21T07:44:00Z,0.13321
2026-08-21T07:45:00Z,0.13328
2026-08-21T07:46:00Z,0.13436
2026-08-21T07:47:00Z,0.13407
2026-08-21T07:48:00Z,0.13398
2026-08-21T07:49:00Z,0.13379
2026-08-21T07:50:00Z,0.1336
2026-08-21T07:51:00Z,0.1331
2026-08-21T07:52:00Z,0.13331
2026-08-21T07:53:00Z,0.1336
2026-08-21T07:54:00Z,0.13315
2026-08-21T07:55:00Z,0.13185
2026-08-21T07:56:00Z,0.13221
2026-08-21T07:57:00Z,0.13082
2026-08-21T07:58:00Z,0.13155
2026-08-21T07:59:00Z,0.13155
2026-08-21T08:00:00Z,0.13133
2026-08-21T08:01:00Z,0.13271
2026-08-21T08:02:00Z,0.13232
2026-08-21T08:03:00Z,0.13226
2026-08-21T08:04:00Z,0.13259
2026-08-21T08:05:00Z,0.13165
2026-08-21T08:06:00Z,0.13221
2026-08-21T08:07:00Z,0.13245
2026-08-21T08:08:00Z,0.13274
2026-08-21T08:09:00Z,0.13255
2026-08-21T08:10:00Z,0.13268
2026-08-21T08:11:00Z,0.1329
2026-08-21T08:12:00Z,0.13339
2026-08-21T08:13:00Z,0.13357
2026-08-21T08:14:00Z,0.13309
2026-08-21T08:15:00Z,0.13318
2026-08-21T08:16:00Z,0.13314
2026-08-21T08:17:00Z,0.13284
2026-08-21T08:18:00Z,0.13355
2026-08-21T08:19:00Z,0.13383
2026-08-21T08:20:00Z,0.13385
2026-08-21T08:21:00Z,0.13532
2026-08-21T08:22:00Z,0.13526
2026-08-21T08:23:00Z,0.13535
2026-08-21T08:24:00Z,0.13468
2026-08-21T08:25:00Z,0.13522
2026-08-21T08:26:00Z,0.13523
2026-08-21T08:27:00Z,0.13607
2026-08-21T08:28:00Z,0.13599
2026-08-21T08:29:00Z,0.13512
2026-08-21T08:30:00Z,0.13497
2026-08-21T08:31:00Z,0.13503
2026-08-21T08:32:00Z,0.13437
2026-08-21T08:33:00Z,0.13445
2026-08-21T08:34:00Z,0.13503
2026-08-21T08:35:00Z,0.13467
2026-08-21T08:36:00Z,0.13469
2026-08-21T08:37:00Z,0.13496
2026-08-21T08:38:00Z,0.13565
2026-08-21T08:39:00Z,0.13604
2026-08-21T08:40:00Z,0.13623
2026-08-21T08:41:00Z,0.13655
2026-08-21T08:42:00Z,0.137
2026-08-21T08:43:00Z,0.13779
2026-08-21T08:44:00Z,0.13803
2026-08-21T08:45:00Z,0.13859
2026-08-21T08:46:00Z,0.13846
2026-08-21T08:47:00Z,0.13886
2026-08-21T08:48:00Z,0.13924
2026-08-21T08:49:00Z,0.13962
2026-08-21T08:50:00Z,0.13967
2026-08-21T08:51:00Z,0.14024
2026-08-21T08:52:00Z,0.14211
2026-08-21T08:53:00Z,0.14224
2026-08-21T08:54:00Z,0.14258
2026-08-21T08:55:00Z,0.14317
2026-08-21T08:56:00Z,0.1432
2026-08-21T08:57:00Z,0.14501
2026-08-21T08:58:00Z,0.14343
2026-08-21T08:59:00Z,0.14186
2026-08-21T09:00:00Z,0.14208
2026-08-21T09:01:00Z,0.14214
2026-08-21T09:02:00Z,0.14008
2026-08-21T09:03:00Z,0.13845
2026-08-21T09:04:00Z,0.13701
2026-08-21T09:05:00Z,0.13646
2026-08-21T09:06:00Z,0.13659
2026-08-21T09:07:00Z,0.13388
2026-08-21T09:08:00Z,0.1348
2026-08-21T09:09:00Z,0.13415
2026-08-21T09:10:00Z,0.13578
2026-08-21T09:11:00Z,0.13612
2026-08-21T09:12:00Z,0.13514
2026-08-21T09:13:00Z,0.13537
2026-08-21T09:14:00Z,0.13419
2026-08-21T09:15:00Z,0.1346
2026-08-21T09:16:00Z,0.13314
2026-08-21T09:17:00Z,0.13402
2026-08-21T09:18:00Z,0.13394
2026-08-21T09:19:00Z,0.1328
2026-08-21T09:20:00Z,0.13194
2026-08-21T09:21:00Z,0.13244
2026-08-21T09:22:00Z,0.13236
2026-08-21T09:23:00Z,0.13231
2026-08-21T09:24:00Z,0.13327
2026-08-21T09:25:00Z,0.13293
2026-08-21T09:26:00Z,0.13285
2026-08-21T09:27:00Z,0.13336
2026-08-21T09:28:00Z,0.1356
2026-08-21T09:29:00Z,0.13622
2026-08-21T09:30:00Z,0.13616
2026-08-21T09:31:00Z,0.13645
2026-08-21T09:32:00Z,0.1362
2026-08-21T09:33:00Z,0.13696
2026-08-21T09:34:00Z,0.13778
2026-08-21T09:35:00Z,0.13821
2026-08-21T09:36:00Z,0.13847
2026-08-21T09:37:00Z,0.13802
2026-08-21T09:38:00Z,0.13887
2026-08-21T09:39:00Z,0.13825
2026-08-21T09:40:00Z,0.13875
2026-08-21T09:41:00Z,0.13866
2026-08-21T09:42:00Z,0.13717
2026-08-21T09:43:00Z,0.1372
2026-08-21T09:44:00Z,0.1382
2026-08-21T09:45:00Z,0.13862
2026-08-21T09:46:00Z,0.13913
2026-08-21T09:47:00Z,0.13871
2026-08-21T09:48:00Z,0.13955
2026-08-21T09:49:00Z,0.13914
2026-08-21T09:50:00Z,0.14035
2026-08-21T09:51:00Z,0.14009
2026-08-21T09:52:00Z,0.1404
2026-08-21T09:53:00Z,0.14005
2026-08-21T09:54:00Z,0.1395
2026-08-21T09:55:00Z,0.13972
2026-08-21T09:56:00Z,0.13966
2026-08-21T09:57:00Z,0.13966
2026-08-21T09:58:00Z,0.13785
2026-08-21T09:59:00Z,0.13716
2026-08-21T10:00:00Z,0.13798
2026-08-21T10:01:00Z,0.13673
2026-08-21T10:02:00Z,0.1366
2026-08-21T10:03:00Z,0.13652
2026-08-21T10:04:00Z,0.13681
2026-08-21T10:05:00Z,0.13726
2026-08-21T10:06:00Z,0.13789
2026-08-21T10:07:00Z,0.13862
2026-08-21T10:08:00Z,0.13861
2026-08-21T10:09:00Z,0.13822
2026-08-21T10:10:00Z,0.13778
2026-08-21T10:11:00Z,0.13789
2026-08-21T10:12:00Z,0.13764
2026-08-21T10:13:00Z,0.13662
2026-08-21T10:14:00Z,0.1367
2026-08-21T10:15:00Z,0.13637
2026-08-21T10:16:00Z,0.13664
2026-08-21T10:17:00Z,0.13753
2026-08-21T10:18:00Z,0.13735
2026-08-21T10:19:00Z,0.13742
2026-08-21T10:20:00Z,0.138
2026-08-21T10:21:00Z,0.13787
2026-08-21T10:22:00Z,0.13823
2026-08-21T10:23:00Z,0.13804
2026-08-21T10:24:00Z,0.13724
2026-08-21T10:25:00Z,0.13661
2026-08-21T10:26:00Z,0.13706
2026-08-21T10:27:00Z,0.13656
2026-08-21T10:28:00Z,0.13662
2026-08-21T10:29:00Z,0.13589
2026-08-21T10:30:00Z,0.13599
2026-08-21T10:31:00Z,0.13559
2026-08-21T10:32:00Z,0.13622
2026-08-21T10:33:00Z,0.13564
2026-08-21T10:34:00Z,0.13649
2026-08-21T10:35:00Z,0.13602
2026-08-21T10:36:00Z,0.1368
2026-08-21T10:37:00Z,0.13741
2026-08-21T10:38:00Z,0.13743
2026-08-21T10:39:00Z,0.13787
2026-08-21T10:40:00Z,0.13792
2026-08-21T10:41:00Z,0.1379
2026-08-21T10:42:00Z,0.13932
2026-08-21T10:43:00Z,0.13964
2026-08-21T10:44:00Z,0.13954
2026-08-21T10:45:00Z,0.13921
2026-08-21T10:46:00Z,0.1391
2026-08-21T10:47:00Z,0.13989
2026-08-21T10:48:00Z,0.13945
2026-08-21T10:49:00Z,0.13867
2026-08-21T10:50:00Z,0.13851
2026-08-21T10:51:00Z,0.1393
2026-08-21T10:52:00Z,0.13951
2026-08-21T10:53:00Z,0.13958
2026-08-21T10:54:00Z,0.13919
2026-08-21T10:55:00Z,0.13978
2026-08-21T10:56:00Z,0.13992
2026-08-21T10:57:00Z,0.13887
2026-08-21T10:58:00Z,0.13882
2026-08-21T10:59:00Z,0.13846
2026-08-21T11:00:00Z,0.13865
2026-08-21T11:01:00Z,0.13922
2026-08-21T11:02:00Z,0.13974
2026-08-21T11:03:00Z,0.14003
2026-08-21T11:04:00Z,0.1396
2026-08-21T11:05:00Z,0.14069
2026-08-21T11:06:00Z,0.14038
2026-08-21T11:07:00Z,0.14029
2026-08-21T11:08:00Z,0.14024
2026-08-21T11:09:00Z,0.14012
2026-08-21T11:10:00Z,0.14159
2026-08-21T11:11:00Z,0.14181
2026-08-21T11:12:00Z,0.14159
2026-08-21T11:13:00Z,0.14098
2026-08-21T11:14:00Z,0.14125
2026-08-21T11:15:00Z,0.14174
2026-08-21T11:16:00Z,0.14158
2026-08-21T11:17:00Z,0.1421
2026-08-21T11:18:00Z,0.14208
2026-08-21T11:19:00Z,0.14158
2026-08-21T11:20:00Z,0.14137
2026-08-21T11:21:00Z,0.14107
2026-08-21T11:22:00Z,0.14146
2026-08-21T11:23:00Z,0.14154
2026-08-21T11:24:00Z,0.14189
2026-08-21T11:25:00Z,0.1406
2026-08-21T11:26:00Z,0.14114
2026-08-21T11:27:00Z,0.14203
2026-08-21T11:28:00Z,0.14178
2026-08-21T11:29:00Z,0.14245
2026-08-21T11:30:00Z,0.14275
2026-08-21T11:31:00Z,0.14269
2026-08-21T11:32:00Z,0.14298
2026-08-21T11:33:00Z,0.14175
2026-08-21T11:34:00Z,0.14136
2026-08-21T11:35:00Z,0.13979
2026-08-21T11:36:00Z,0.1402
2026-08-21T11:37:00Z,0.14032
2026-08-21T11:38:00Z,0.1402
2026-08-21T11:39:00Z,0.14055
2026-08-21T11:40:00Z,0.14151
2026-08-21T11:41:00Z,0.14082
2026-08-21T11:42:00Z,0.14105
2026-08-21T11:43:00Z,0.14033
2026-08-21T11:44:00Z,0.14006
2026-08-21T11:45:00Z,0.14019
2026-08-21T11:46:00Z,0.14016
2026-08-21T11:47:00Z,0.13894
2026-08-21T11:48:00Z,0.13853
2026-08-21T11:49:00Z,0.13847
2026-08-21T11:50:00Z,0.13881
2026-08-21T11:51:00Z,0.1392
2026-08-21T11:52:00Z,0.1399
2026-08-21T11:53:00Z,0.1397
2026-08-21T11:54:00Z,0.14036
2026-08-21T11:55:00Z,0.14043
2026-08-21T11:56:00Z,0.14016
2026-08-21T11:57:00Z,0.14018
2026-08-21T11:58:00Z,0.14083
2026-08-21T11:59:00Z,0.14108
2026-08-21T12:00:00Z,0.14086
2026-08-21T12:01:00Z,0.14048
2026-08-21T12:02:00Z,0.14043
2026-08-21T12:03:00Z,0.14099
2026-08-21T12:04:00Z,0.14168
2026-08-21T12:05:00Z,0.14103
2026-08-21T12:06:00Z,0.14078
2026-08-21T12:07:00Z,0.14049
2026-08-21T12:08:00Z,0.13969
2026-08-21T12:09:00Z,0.13937
2026-08-21T12:10:00Z,0.13891
2026-08-21T12:11:00Z,0.13877
2026-08-21T12:12:00Z,0.13907
2026-08-21T12:13:00Z,0.13947
2026-08-21T12:14:00Z,0.1403
2026-08-21T12:15:00Z,0.14007
2026-08-21T12:16:00Z,0.14032
2026-08-21T12:17:00Z,0.14056
2026-08-21T12:18:00Z,0.14122
2026-08-21T12:19:00Z,0.14063
2026-08-21T12:20:00Z,0.14052
2026-08-21T12:21:00Z,0.14084
2026-08-21T12:22:00Z,0.13945
2026-08-21T12:23:00Z,0.14005
2026-08-21T12:24:00Z,0.13995
2026-08-21T12:25:00Z,0.14071
2026-08-21T12:26:00Z,0.14074
2026-08-21T12:27:00Z,0.14067
2026-08-21T12:28:00Z,0.14032
2026-08-21T12:29:00Z,0.14027
2026-08-21T12:30:00Z,0.14083
2026-08-21T12:31:00Z,0.14055
2026-08-21T12:32:00Z,0.13969
2026-08-21T12:33:00Z,0.13925
2026-08-21T12:34:00Z,0.13936
2026-08-21T12:35:00Z,0.13967
2026-08-21T12:36:00Z,0.14065
2026-08-21T12:37:00Z,0.14088
2026-08-21T12:38:00Z,0.14083
2026-08-21T12:39:00Z,0.14063
2026-08-21T12:40:00Z,0.14078
2026-08-21T12:41:00Z,0.1401
2026-08-21T12:42:00Z,0.13996
2026-08-21T12:43:00Z,0.13984
2026-08-21T12:44:00Z,0.14117
2026-08-21T12:45:00Z,0.14113
2026-08-21T12:46:00Z,0.14118
2026-08-21T12:47:00Z,0.14026
2026-08-21T12:48:00Z,0.13882
2026-08-21T12:49:00Z,0.13933
2026-08-21T12:50:00Z,0.13921
2026-08-21T12:51:00Z,0.13815
2026-08-21T12:52:00Z,0.13771
2026-08-21T12:53:00Z,0.13823
2026-08-21T12:54:00Z,0.13872
2026-08-21T12:55:00Z,0.13853
2026-08-21T12:56:00Z,0.13884
2026-08-21T12:57:00Z,0.13877
2026-08-21T12:58:00Z,0.13882
2026-08-21T12:59:00Z,0.13908
2026-08-21T13:00:00Z,0.13952
2026-08-21T13:01:00Z,0.13897
2026-08-21T13:02:00Z,0.13966
2026-08-21T13:03:00Z,0.1401
2026-08-21T13:04:00Z,0.14012
2026-08-21T13:05:00Z,0.14059
2026-08-21T13:06:00Z,0.14064
2026-08-21T13:07:00Z,0.14126
2026-08-21T13:08:00Z,0.14142
2026-08-21T13:09:00Z,0.14101
2026-08-21T13:10:00Z,0.14056
2026-08-21T13:11:00Z,0.14044
2026-08-21T13:12:00Z,0.14043
2026-08-21T13:13:00Z,0.14113
2026-08-21T13:14:00Z,0.14149
2026-08-21T13:15:00Z,0.14183
2026-08-21T13:16:00Z,0.1415
2026-08-21T13:17:00Z,0.14113
2026-08-21T13:18:00Z,0.14127
2026-08-21T13:19:00Z,0.1415
2026-08-21T13:20:00Z,0.14234
2026-08-21T13:21:00Z,0.14212
2026-08-21T13:22:00Z,0.14235
2026-08-21T13:23:00Z,0.14255
2026-08-21T13:24:00Z,0.14242
2026-08-21T13:25:00Z,0.1425
2026-08-21T13:26:00Z,0.14301
2026-08-21T13:27:00Z,0.14315
2026-08-21T13:28:00Z,0.14308
2026-08-21T13:29:00Z,0.142
2026-08-21T13:30:00Z,0.1415
2026-08-21T13:31:00Z,0.14146
2026-08-21T13:32:00Z,0.14081
2026-08-21T13:33:00Z,0.14082
2026-08-21T13:34:00Z,0.14179
2026-08-21T13:35:00Z,0.14149
2026-08-21T13:36:00Z,0.14116
2026-08-21T13:37:00Z,0.14117
2026-08-21T13:38:00Z,0.14127
2026-08-21T13:39:00Z,0.14239
2026-08-21T13:40:00Z,0.14268
2026-08-21T13:41:00Z,0.14326
2026-08-21T13:42:00Z,0.14334
2026-08-21T13:43:00Z,0.14367
2026-08-21T13:44:00Z,0.14368
2026-08-21T13:45:00Z,0.14386
2026-08-21T13:46:00Z,0.14401
2026-08-21T13:47:00Z,0.14367
2026-08-21T13:48:00Z,0.14382
2026-08-21T13:49:00Z,0.14346
2026-08-21T13:50:00Z,0.14396
2026-08-21T13:51:00Z,0.14435
2026-08-21T13:52:00Z,0.14445
2026-08-21T13:53:00Z,0.14513
2026-08-21T13:54:00Z,0.14454
2026-08-21T13:55:00Z,0.14463
2026-08-21T13:56:00Z,0.14472
2026-08-21T13:57:00Z,0.14438
2026-08-21T13:58:00Z,0.14447
2026-08-21T13:59:00Z,0.14458
2026-08-21T14:00:00Z,0.14502
2026-08-21T14:01:00Z,0.146
2026-08-21T14:02:00Z,0.14584
2026-08-21T14:03:00Z,0.14363
2026-08-21T14:04:00Z,0.14394
2026-08-21T14:05:00Z,0.14287
2026-08-21T14:06:00Z,0.14293
2026-08-21T14:07:00Z,0.14245
2026-08-21T14:08:00Z,0.14272
2026-08-21T14:09:00Z,0.14343
2026-08-21T14:10:00Z,0.14405
2026-08-21T14:11:00Z,0.14455
2026-08-21T14:12:00Z,0.14469
2026-08-21T14:13:00Z,0.14428
2026-08-21T14:14:00Z,0.1439
2026-08-21T14:15:00Z,0.14301
2026-08-21T14:16:00Z,0.14371
2026-08-21T14:17:00Z,0.14407
2026-08-21T14:18:00Z,0.14415
2026-08-21T14:19:00Z,0.14388
2026-08-21T14:20:00Z,0.1438
2026-08-21T14:21:00Z,0.1436
2026-08-21T14:22:00Z,0.14341
2026-08-21T14:23:00Z,0.14422
2026-08-21T14:24:00Z,0.14467
2026-08-21T14:25:00Z,0.14538
2026-08-21T14:26:00Z,0.14571
2026-08-21T14:27:00Z,0.14591
2026-08-21T14:28:00Z,0.14629
2026-08-21T14:29:00Z,0.14658
2026-08-21T14:30:00Z,0.14686
2026-08-21T14:31:00Z,0.14689
2026-08-21T14:32:00Z,0.1465
2026-08-21T14:33:00Z,0.1463
2026-08-21T14:34:00Z,0.14587
2026-08-21T14:35:00Z,0.14653
2026-08-21T14:36:00Z,0.14712
2026-08-21T14:37:00Z,0.14714
2026-08-21T14:38:00Z,0.147
2026-08-21T14:39:00Z,0.14651
2026-08-21T14:40:00Z,0.14599
2026-08-21T14:41:00Z,0.14545
2026-08-21T14:42:00Z,0.14596
2026-08-21T14:43:00Z,0.14584
