open_time_utc,open,support
2026-08-20T14:52:00Z,0.099511,0.09939121
2026-08-20T14:53:00Z,0.099836,0.09941748
2026-08-20T14:54:00Z,0.099946,0.09944375
2026-08-20T14:55:00Z,0.099681,0.09947003
2026-08-20T14:56:00Z,0.099688,0.09949632
2026-08-20T14:57:00Z,0.099569,0.09952261
2026-08-20T14:58:00Z,0.0995,0.09954892
2026-08-20T14:59:00Z,0.099463,0.09957522
2026-08-20T15:00:00Z,0.099665,0.09960154
2026-08-20T15:01:00Z,0.099644,0.09962786
2026-08-20T15:02:00Z,0.099759,0.09965419
2026-08-20T15:03:00Z,0.10009,0.09968053
2026-08-20T15:04:00Z,0.10023,0.09970687
2026-08-20T15:05:00Z,0.10066,0.09973322
2026-08-20T15:06:00Z,0.10046,0.09975958
2026-08-20T15:07:00Z,0.10048,0.09978594
2026-08-20T15:08:00Z,0.10003,0.09981232
2026-08-20T15:09:00Z,0.099839,0.09983869
2026-08-20T15:10:00Z,0.099726,0.09986508
2026-08-20T15:11:00Z,0.099426,0.09989147
2026-08-20T15:12:00Z,0.0997,0.09991787
2026-08-20T15:13:00Z,0.099816,0.09994428
2026-08-20T15:14:00Z,0.099925,0.09997069
2026-08-20T15:15:00Z,0.099903,0.09999711
2026-08-20T15:16:00Z,0.099928,0.10002354
2026-08-20T15:17:00Z,0.10027,0.10004997
2026-08-20T15:18:00Z,0.10044,0.10007641
2026-08-20T15:19:00Z,0.10057,0.10010286
2026-08-20T15:20:00Z,0.10068,0.10012932
2026-08-20T15:21:00Z,0.10117,0.10015578
2026-08-20T15:22:00Z,0.10132,0.10018225
2026-08-20T15:23:00Z,0.10143,0.10020872
2026-08-20T15:24:00Z,0.10098,0.10023521
2026-08-20T15:25:00Z,0.10145,0.10026170
2026-08-20T15:26:00Z,0.10179,0.10028819
2026-08-20T15:27:00Z,0.10178,0.10031470
2026-08-20T15:28:00Z,0.10193,0.10034121
2026-08-20T15:29:00Z,0.10175,0.10036773
2026-08-20T15:30:00Z,0.10225,0.10039425
2026-08-20T15:31:00Z,0.10199,0.10042078
2026-08-20T15:32:00Z,0.10209,0.10044732
2026-08-20T15:33:00Z,0.10187,0.10047387
2026-08-20T15:34:00Z,0.10166,0.10050042
2026-08-20T15:35:00Z,0.10183,0.10052698
2026-08-20T15:36:00Z,0.10125,0.10055355
2026-08-20T15:37:00Z,0.1012,0.10058012
2026-08-20T15:38:00Z,0.1012,0.10060671
2026-08-20T15:39:00Z,0.10148,0.10063329
2026-08-20T15:40:00Z,0.10147,0.10065989
2026-08-20T15:41:00Z,0.10132,0.10068649
2026-08-20T15:42:00Z,0.10125,0.10071310
2026-08-20T15:43:00Z,0.10126,0.10073972
2026-08-20T15:44:00Z,0.10142,0.10076634
2026-08-20T15:45:00Z,0.10185,0.10079297
2026-08-20T15:46:00Z,0.10183,0.10081961
2026-08-20T15:47:00Z,0.10193,0.10084625
2026-08-20T15:48:00Z,0.10228,0.10087290
2026-08-20T15:49:00Z,0.10245,0.10089956
2026-08-20T15:50:00Z,0.1027,0.10092623
2026-08-20T15:51:00Z,0.10296,0.10095290
2026-08-20T15:52:00Z,0.10279,0.10097958
2026-08-20T15:53:00Z,0.10282,0.10100627
2026-08-20T15:54:00Z,0.10261,0.10103296
2026-08-20T15:55:00Z,0.10273,0.10105966
2026-08-20T15:56:00Z,0.1022,0.10108637
2026-08-20T15:57:00Z,0.10226,0.10111309
2026-08-20T15:58:00Z,0.10215,0.10113981
2026-08-20T15:59:00Z,0.10215,0.10116654
2026-08-20T16:00:00Z,0.10222,0.10119327
2026-08-20T16:01:00Z,0.10226,0.10122002
2026-08-20T16:02:00Z,0.10235,0.10124677
2026-08-20T16:03:00Z,0.10272,0.10127352
2026-08-20T16:04:00Z,0.10225,0.10130029
2026-08-20T16:05:00Z,0.10203,0.10132706
2026-08-20T16:06:00Z,0.10205,0.10135384
2026-08-20T16:07:00Z,0.1019,0.10138062
2026-08-20T16:08:00Z,0.10226,0.10140742
2026-08-20T16:09:00Z,0.10219,0.10143422
2026-08-20T16:10:00Z,0.10178,0.10146102
2026-08-20T16:11:00Z,0.10161,0.10148784
2026-08-20T16:12:00Z,0.1017,0.10151466
2026-08-20T16:13:00Z,0.10181,0.10154149
2026-08-20T16:14:00Z,0.10155,0.10156832
2026-08-20T16:15:00Z,0.10142,0.10159517
2026-08-20T16:16:00Z,0.10158,0.10162201
2026-08-20T16:17:00Z,0.10134,0.10164887
2026-08-20T16:18:00Z,0.10136,0.10167573
2026-08-20T16:19:00Z,0.1016,0.10170261
2026-08-20T16:20:00Z,0.10169,0.10172948
2026-08-20T16:21:00Z,0.10153,0.10175637
2026-08-20T16:22:00Z,0.10167,0.10178326
2026-08-20T16:23:00Z,0.10142,0.10181016
2026-08-20T16:24:00Z,0.10166,0.10183707
2026-08-20T16:25:00Z,0.10107,0.10186398
2026-08-20T16:26:00Z,0.10116,0.10189090
2026-08-20T16:27:00Z,0.10112,0.10191783
2026-08-20T16:28:00Z,0.10133,0.10194476
2026-08-20T16:29:00Z,0.1013,0.10197170
2026-08-20T16:30:00Z,0.10109,0.10199865
2026-08-20T16:31:00Z,0.10098,0.10202561
2026-08-20T16:32:00Z,0.10102,0.10205257
2026-08-20T16:33:00Z,0.10104,0.10207954
2026-08-20T16:34:00Z,0.10123,0.10210652
2026-08-20T16:35:00Z,0.10127,0.10213351
2026-08-20T16:36:00Z,0.10107,0.10216050
2026-08-20T16:37:00Z,0.10121,0.10218750
2026-08-20T16:38:00Z,0.10132,0.10221450
2026-08-20T16:39:00Z,0.1017,0.10224152
2026-08-20T16:40:00Z,0.10177,0.10226854
2026-08-20T16:41:00Z,0.10189,0.10229556
2026-08-20T16:42:00Z,0.10182,0.10232260
2026-08-20T16:43:00Z,0.10198,0.10234964
2026-08-20T16:44:00Z,0.10167,0.10237669
2026-08-20T16:45:00Z,0.10153,0.10240374
2026-08-20T16:46:00Z,0.10143,0.10243081
2026-08-20T16:47:00Z,0.10149,0.10245788
2026-08-20T16:48:00Z,0.10157,0.10248495
2026-08-20T16:49:00Z,0.1015,0.10251204
2026-08-20T16:50:00Z,0.10178,0.10253913
2026-08-20T16:51:00Z,0.10185,0.10256623
2026-08-20T16:52:00Z,0.10157,0.10259334
2026-08-20T16:53:00Z,0.10174,0.10262045
2026-08-20T16:54:00Z,0.10175,0.10264757
2026-08-20T16:55:00Z,0.10179,0.10267470
2026-08-20T16:56:00Z,0.10231,0.10270183
2026-08-20T16:57:00Z,0.1025,0.10272897
2026-08-20T16:58:00Z,0.10291,0.10275612
2026-08-20T16:59:00Z,0.10309,0.10278328
2026-08-20T17:00:00Z,0.10321,0.10281044
2026-08-20T17:01:00Z,0.1029,0.10283761
2026-08-20T17:02:00Z,0.10325,0.10286479
2026-08-20T17:03:00Z,0.10351,0.10289198
2026-08-20T17:04:00Z,0.10381,0.10291917
2026-08-20T17:05:00Z,0.10383,0.10294637
2026-08-20T17:06:00Z,0.10411,0.10297358
2026-08-20T17:07:00Z,0.10424,0.10300079
2026-08-20T17:08:00Z,0.1042,0.10302801
2026-08-20T17:09:00Z,0.10441,0.10305524
2026-08-20T17:10:00Z,0.10418,0.10308247
2026-08-20T17:11:00Z,0.10399,0.10310972
2026-08-20T17:12:00Z,0.10425,0.10313697
2026-08-20T17:13:00Z,0.10449,0.10316422
2026-08-20T17:14:00Z,0.10477,0.10319149
2026-08-20T17:15:00Z,0.10513,0.10321876
2026-08-20T17:16:00Z,0.10502,0.10324604
2026-08-20T17:17:00Z,0.10503,0.10327332
2026-08-20T17:18:00Z,0.1051,0.10330062
2026-08-20T17:19:00Z,0.10562,0.10332792
2026-08-20T17:20:00Z,0.10555,0.10335522
2026-08-20T17:21:00Z,0.10561,0.10338254
2026-08-20T17:22:00Z,0.10528,0.10340986
2026-08-20T17:23:00Z,0.10561,0.10343719
2026-08-20T17:24:00Z,0.10523,0.10346453
2026-08-20T17:25:00Z,0.10513,0.10349187
2026-08-20T17:26:00Z,0.10529,0.10351922
2026-08-20T17:27:00Z,0.10504,0.10354658
2026-08-20T17:28:00Z,0.10466,0.10357394
2026-08-20T17:29:00Z,0.10546,0.10360131
2026-08-20T17:30:00Z,0.1056,0.10362869
2026-08-20T17:31:00Z,0.10556,0.10365608
2026-08-20T17:32:00Z,0.10547,0.10368348
2026-08-20T17:33:00Z,0.10618,0.10371088
2026-08-20T17:34:00Z,0.10579,0.10373829
2026-08-20T17:35:00Z,0.10555,0.10376570
2026-08-20T17:36:00Z,0.10545,0.10379312
2026-08-20T17:37:00Z,0.106,0.10382056
2026-08-20T17:38:00Z,0.10649,0.10384799
2026-08-20T17:39:00Z,0.10705,0.10387544
2026-08-20T17:40:00Z,0.10666,0.10390289
2026-08-20T17:41:00Z,0.10683,0.10393035
2026-08-20T17:42:00Z,0.10667,0.10395782
2026-08-20T17:43:00Z,0.10695,0.10398529
2026-08-20T17:44:00Z,0.10714,0.10401277
2026-08-20T17:45:00Z,0.10693,0.10404026
2026-08-20T17:46:00Z,0.10685,0.10406775
2026-08-20T17:47:00Z,0.10709,0.10409526
2026-08-20T17:48:00Z,0.10704,0.10412277
2026-08-20T17:49:00Z,0.10649,0.10415029
2026-08-20T17:50:00Z,0.10638,0.10417781
2026-08-20T17:51:00Z,0.10638,0.10420534
2026-08-20T17:52:00Z,0.10638,0.10423288
2026-08-20T17:53:00Z,0.10638,0.10426043
2026-08-20T17:54:00Z,0.10622,0.10428798
2026-08-20T17:55:00Z,0.10695,0.10431554
2026-08-20T17:56:00Z,0.10705,0.10434311
2026-08-20T17:57:00Z,0.10717,0.10437069
2026-08-20T17:58:00Z,0.10704,0.10439827
2026-08-20T17:59:00Z,0.10713,0.10442586
2026-08-20T18:00:00Z,0.10692,0.10445346
2026-08-20T18:01:00Z,0.10707,0.10448106
2026-08-20T18:02:00Z,0.10685,0.10450868
2026-08-20T18:03:00Z,0.10675,0.10453629
2026-08-20T18:04:00Z,0.10669,0.10456392
2026-08-20T18:05:00Z,0.1059,0.10459156
2026-08-20T18:06:00Z,0.10604,0.10461920
2026-08-20T18:07:00Z,0.10595,0.10464685
2026-08-20T18:08:00Z,0.10655,0.10467450
2026-08-20T18:09:00Z,0.10659,0.10470216
2026-08-20T18:10:00Z,0.10692,0.10472984
2026-08-20T18:11:00Z,0.10682,0.10475751
2026-08-20T18:12:00Z,0.10689,0.10478520
2026-08-20T18:13:00Z,0.10663,0.10481289
2026-08-20T18:14:00Z,0.10679,0.10484059
2026-08-20T18:15:00Z,0.10613,0.10486830
2026-08-20T18:16:00Z,0.10664,0.10489601
2026-08-20T18:17:00Z,0.1067,0.10492373
2026-08-20T18:18:00Z,0.10691,0.10495146
2026-08-20T18:19:00Z,0.10703,0.10497920
2026-08-20T18:20:00Z,0.10726,0.10500694
2026-08-20T18:21:00Z,0.1077,0.10503469
2026-08-20T18:22:00Z,0.10745,0.10506245
2026-08-20T18:23:00Z,0.10746,0.10509022
2026-08-20T18:24:00Z,0.10729,0.10511799
2026-08-20T18:25:00Z,0.10746,0.10514577
2026-08-20T18:26:00Z,0.10745,0.10517356
2026-08-20T18:27:00Z,0.10721,0.10520136
2026-08-20T18:28:00Z,0.10683,0.10522916
2026-08-20T18:29:00Z,0.1075,0.10525697
2026-08-20T18:30:00Z,0.10776,0.10528479
2026-08-20T18:31:00Z,0.1073,0.10531261
2026-08-20T18:32:00Z,0.10696,0.10534044
2026-08-20T18:33:00Z,0.10721,0.10536828
2026-08-20T18:34:00Z,0.10681,0.10539613
2026-08-20T18:35:00Z,0.1064,0.10542398
2026-08-20T18:36:00Z,0.10662,0.10545184
2026-08-20T18:37:00Z,0.10712,0.10547971
2026-08-20T18:38:00Z,0.10729,0.10550759
2026-08-20T18:39:00Z,0.10739,0.10553547
2026-08-20T18:40:00Z,0.10749,0.10556336
2026-08-20T18:41:00Z,0.10776,0.10559126
2026-08-20T18:42:00Z,0.10799,0.10561917
2026-08-20T18:43:00Z,0.10809,0.10564708
2026-08-20T18:44:00Z,0.10835,0.10567500
2026-08-20T18:45:00Z,0.10818,0.10570293
2026-08-20T18:46:00Z,0.10836,0.10573086
2026-08-20T18:47:00Z,0.10882,0.10575880
2026-08-20T18:48:00Z,0.10889,0.10578675
2026-08-20T18:49:00Z,0.10906,0.10581471
2026-08-20T18:50:00Z,0.10889,0.10584268
2026-08-20T18:51:00Z,0.10903,0.10587065
2026-08-20T18:52:00Z,0.10907,0.10589863
2026-08-20T18:53:00Z,0.10877,0.10592661
2026-08-20T18:54:00Z,0.10862,0.10595461
2026-08-20T18:55:00Z,0.10906,0.10598261
2026-08-20T18:56:00Z,0.10888,0.10601062
2026-08-20T18:57:00Z,0.10852,0.10603864
2026-08-20T18:58:00Z,0.10789,0.10606666
2026-08-20T18:59:00Z,0.10771,0.10609469
2026-08-20T19:00:00Z,0.10755,0.10612273
2026-08-20T19:01:00Z,0.10825,0.10615078
2026-08-20T19:02:00Z,0.10824,0.10617883
2026-08-20T19:03:00Z,0.10825,0.10620689
2026-08-20T19:04:00Z,0.10813,0.10623496
2026-08-20T19:05:00Z,0.10807,0.10626303
2026-08-20T19:06:00Z,0.10863,0.10629112
2026-08-20T19:07:00Z,0.1089,0.10631921
2026-08-20T19:08:00Z,0.10928,0.10634731
2026-08-20T19:09:00Z,0.10919,0.10637541
2026-08-20T19:10:00Z,0.10914,0.10640352
2026-08-20T19:11:00Z,0.10981,0.10643164
2026-08-20T19:12:00Z,0.10996,0.10645977
2026-08-20T19:13:00Z,0.10983,0.10648791
2026-08-20T19:14:00Z,0.11043,0.10651605
2026-08-20T19:15:00Z,0.11031,0.10654420
2026-08-20T19:16:00Z,0.11002,0.10657236
2026-08-20T19:17:00Z,0.1095,0.10660052
2026-08-20T19:18:00Z,0.10903,0.10662869
2026-08-20T19:19:00Z,0.10852,0.10665687
2026-08-20T19:20:00Z,0.10933,0.10668506
2026-08-20T19:21:00Z,0.10917,0.10671326
2026-08-20T19:22:00Z,0.1095,0.10674146
2026-08-20T19:23:00Z,0.10983,0.10676967
2026-08-20T19:24:00Z,0.10943,0.10679788
2026-08-20T19:25:00Z,0.10872,0.10682611
2026-08-20T19:26:00Z,0.10854,0.10685434
2026-08-20T19:27:00Z,0.10839,0.10688258
2026-08-20T19:28:00Z,0.1088,0.10691083
2026-08-20T19:29:00Z,0.10866,0.10693908
2026-08-20T19:30:00Z,0.10838,0.10696734
2026-08-20T19:31:00Z,0.10911,0.10699561
2026-08-20T19:32:00Z,0.10914,0.10702389
2026-08-20T19:33:00Z,0.1088,0.10705217
2026-08-20T19:34:00Z,0.1089,0.10708046
2026-08-20T19:35:00Z,0.10853,0.10710876
2026-08-20T19:36:00Z,0.10903,0.10713707
2026-08-20T19:37:00Z,0.10947,0.10716538
2026-08-20T19:38:00Z,0.10971,0.10719371
2026-08-20T19:39:00Z,0.10965,0.10722203
2026-08-20T19:40:00Z,0.10978,0.10725037
2026-08-20T19:41:00Z,0.10976,0.10727872
2026-08-20T19:42:00Z,0.10965,0.10730707
2026-08-20T19:43:00Z,0.10917,0.10733543
2026-08-20T19:44:00Z,0.10889,0.10736379
2026-08-20T19:45:00Z,0.1088,0.10739217
2026-08-20T19:46:00Z,0.1086,0.10742055
2026-08-20T19:47:00Z,0.10833,0.10744894
2026-08-20T19:48:00Z,0.10832,0.10747733
2026-08-20T19:49:00Z,0.10833,0.10750574
2026-08-20T19:50:00Z,0.10818,0.10753415
2026-08-20T19:51:00Z,0.10816,0.10756257
2026-08-20T19:52:00Z,0.10773,0.10759099
2026-08-20T19:53:00Z,0.1083,0.10761943
2026-08-20T19:54:00Z,0.10831,0.10764787
2026-08-20T19:55:00Z,0.10816,0.10767632
2026-08-20T19:56:00Z,0.10835,0.10770478
2026-08-20T19:57:00Z,0.10782,0.10773324
2026-08-20T19:58:00Z,0.10757,0.10776171
2026-08-20T19:59:00Z,0.10773,0.10779019
2026-08-20T20:00:00Z,0.10781,0.10781868
2026-08-20T20:01:00Z,0.10718,0.10784717
2026-08-20T20:02:00Z,0.10715,0.10787567
2026-08-20T20:03:00Z,0.10767,0.10790418
2026-08-20T20:04:00Z,0.10802,0.10793270
2026-08-20T20:05:00Z,0.10823,0.10796122
2026-08-20T20:06:00Z,0.10848,0.10798976
2026-08-20T20:07:00Z,0.10855,0.10801830
2026-08-20T20:08:00Z,0.10861,0.10804684
2026-08-20T20:09:00Z,0.10866,0.10807540
2026-08-20T20:10:00Z,0.10914,0.10810396
2026-08-20T20:11:00Z,0.10933,0.10813253
2026-08-20T20:12:00Z,0.10947,0.10816111
2026-08-20T20:13:00Z,0.10957,0.10818969
2026-08-20T20:14:00Z,0.10974,0.10821828
2026-08-20T20:15:00Z,0.11,0.10824688
2026-08-20T20:16:00Z,0.11,0.10827549
2026-08-20T20:17:00Z,0.11042,0.10830411
2026-08-20T20:18:00Z,0.11051,0.10833273
2026-08-20T20:19:00Z,0.11031,0.10836136
2026-08-20T20:20:00Z,0.10967,0.10839000
2026-08-20T20:21:00Z,0.10975,0.10841864
2026-08-20T20:22:00Z,0.10978,0.10844729
2026-08-20T20:23:00Z,0.10964,0.10847595
2026-08-20T20:24:00Z,0.10926,0.10850462
2026-08-20T20:25:00Z,0.10911,0.10853330
2026-08-20T20:26:00Z,0.1095,0.10856198
2026-08-20T20:27:00Z,0.10977,0.10859067
2026-08-20T20:28:00Z,0.10964,0.10861937
2026-08-20T20:29:00Z,0.10917,0.10864808
2026-08-20T20:30:00Z,0.10901,0.10867679
2026-08-20T20:31:00Z,0.10882,0.10870551
2026-08-20T20:32:00Z,0.10899,0.10873424
2026-08-20T20:33:00Z,0.10899,0.10876297
2026-08-20T20:34:00Z,0.1089,0.10879172
2026-08-20T20:35:00Z,0.10894,0.10882047
2026-08-20T20:36:00Z,0.10948,0.10884923
2026-08-20T20:37:00Z,0.10981,0.10887800
2026-08-20T20:38:00Z,0.10971,0.10890677
2026-08-20T20:39:00Z,0.10966,0.10893555
2026-08-20T20:40:00Z,0.10949,0.10896434
2026-08-20T20:41:00Z,0.10933,0.10899314
2026-08-20T20:42:00Z,0.10933,0.10902194
2026-08-20T20:43:00Z,0.1095,0.10905075
2026-08-20T20:44:00Z,0.10996,0.10907957
2026-08-20T20:45:00Z,0.10966,0.10910840
2026-08-20T20:46:00Z,0.10983,0.10913724
2026-08-20T20:47:00Z,0.11,0.10916608
2026-08-20T20:48:00Z,0.11033,0.10919493
2026-08-20T20:49:00Z,0.11,0.10922379
2026-08-20T20:50:00Z,0.10997,0.10925265
2026-08-20T20:51:00Z,0.10981,0.10928153
2026-08-20T20:52:00Z,0.11016,0.10931041
2026-08-20T20:53:00Z,0.11027,0.10933930
2026-08-20T20:54:00Z,0.11045,0.10936819
2026-08-20T20:55:00Z,0.11021,0.10939710
2026-08-20T20:56:00Z,0.11034,0.10942601
2026-08-20T20:57:00Z,0.11092,0.10945493
2026-08-20T20:58:00Z,0.11144,0.10948385
2026-08-20T20:59:00Z,0.11154,0.10951279
2026-08-20T21:00:00Z,0.11182,0.10954173
2026-08-20T21:01:00Z,0.11217,0.10957068
2026-08-20T21:02:00Z,0.11221,0.10959964
2026-08-20T21:03:00Z,0.11236,0.10962860
2026-08-20T21:04:00Z,0.11269,0.10965757
2026-08-20T21:05:00Z,0.11282,0.10968655
2026-08-20T21:06:00Z,0.11255,0.10971554
2026-08-20T21:07:00Z,0.11215,0.10974454
2026-08-20T21:08:00Z,0.11281,0.10977354
2026-08-20T21:09:00Z,0.11287,0.10980255
2026-08-20T21:10:00Z,0.11344,0.10983157
2026-08-20T21:11:00Z,0.11341,0.10986060
2026-08-20T21:12:00Z,0.11335,0.10988963
2026-08-20T21:13:00Z,0.11334,0.10991867
2026-08-20T21:14:00Z,0.11398,0.10994772
2026-08-20T21:15:00Z,0.11407,0.10997678
2026-08-20T21:16:00Z,0.11378,0.11000584
2026-08-20T21:17:00Z,0.11329,0.11003491
2026-08-20T21:18:00Z,0.11327,0.11006399
2026-08-20T21:19:00Z,0.11351,0.11009308
2026-08-20T21:20:00Z,0.11333,0.11012218
2026-08-20T21:21:00Z,0.11301,0.11015128
2026-08-20T21:22:00Z,0.11348,0.11018039
2026-08-20T21:23:00Z,0.11301,0.11020951
2026-08-20T21:24:00Z,0.11339,0.11023864
2026-08-20T21:25:00Z,0.11362,0.11026777
2026-08-20T21:26:00Z,0.11396,0.11029691
2026-08-20T21:27:00Z,0.11358,0.11032606
2026-08-20T21:28:00Z,0.11286,0.11035522
2026-08-20T21:29:00Z,0.11243,0.11038438
2026-08-20T21:30:00Z,0.11243,0.11041355
2026-08-20T21:31:00Z,0.11219,0.11044273
2026-08-20T21:32:00Z,0.11229,0.11047192
2026-08-20T21:33:00Z,0.11249,0.11050112
2026-08-20T21:34:00Z,0.112,0.11053032
2026-08-20T21:35:00Z,0.11147,0.11055953
2026-08-20T21:36:00Z,0.11168,0.11058875
2026-08-20T21:37:00Z,0.11171,0.11061798
2026-08-20T21:38:00Z,0.11152,0.11064721
2026-08-20T21:39:00Z,0.11146,0.11067645
2026-08-20T21:40:00Z,0.11104,0.11070570
2026-08-20T21:41:00Z,0.11116,0.11073496
2026-08-20T21:42:00Z,0.11094,0.11076422
2026-08-20T21:43:00Z,0.11075,0.11079350
2026-08-20T21:44:00Z,0.11076,0.11082278
2026-08-20T21:45:00Z,0.11122,0.11085206
2026-08-20T21:46:00Z,0.11099,0.11088136
2026-08-20T21:47:00Z,0.11111,0.11091066
2026-08-20T21:48:00Z,0.11091,0.11093997
2026-08-20T21:49:00Z,0.11057,0.11096929
2026-08-20T21:50:00Z,0.11088,0.11099862
2026-08-20T21:51:00Z,0.11143,0.11102796
2026-08-20T21:52:00Z,0.11174,0.11105730
2026-08-20T21:53:00Z,0.11197,0.11108665
2026-08-20T21:54:00Z,0.11166,0.11111601
2026-08-20T21:55:00Z,0.11187,0.11114537
2026-08-20T21:56:00Z,0.11209,0.11117474
2026-08-20T21:57:00Z,0.11233,0.11120413
2026-08-20T21:58:00Z,0.11336,0.11123352
2026-08-20T21:59:00Z,0.11368,0.11126291
2026-08-20T22:00:00Z,0.11346,0.11129232
2026-08-20T22:01:00Z,0.11461,0.11132173
2026-08-20T22:02:00Z,0.11402,0.11135115
2026-08-20T22:03:00Z,0.11351,0.11138058
2026-08-20T22:04:00Z,0.11334,0.11141001
2026-08-20T22:05:00Z,0.11327,0.11143946
2026-08-20T22:06:00Z,0.11413,0.11146891
2026-08-20T22:07:00Z,0.11454,0.11149837
2026-08-20T22:08:00Z,0.11486,0.11152783
2026-08-20T22:09:00Z,0.11484,0.11155731
2026-08-20T22:10:00Z,0.11498,0.11158679
2026-08-20T22:11:00Z,0.11572,0.11161628
2026-08-20T22:12:00Z,0.11553,0.11164578
2026-08-20T22:13:00Z,0.11499,0.11167528
2026-08-20T22:14:00Z,0.11511,0.11170480
2026-08-20T22:15:00Z,0.11489,0.11173432
2026-08-20T22:16:00Z,0.11531,0.11176385
2026-08-20T22:17:00Z,0.11512,0.11179338
2026-08-20T22:18:00Z,0.11527,0.11182293
2026-08-20T22:19:00Z,0.11438,0.11185248
2026-08-20T22:20:00Z,0.11455,0.11188204
2026-08-20T22:21:00Z,0.11466,0.11191161
2026-08-20T22:22:00Z,0.11435,0.11194118
2026-08-20T22:23:00Z,0.1147,0.11197077
2026-08-20T22:24:00Z,0.11464,0.11200036
2026-08-20T22:25:00Z,0.11557,0.11202996
2026-08-20T22:26:00Z,0.11545,0.11205957
2026-08-20T22:27:00Z,0.11558,0.11208918
2026-08-20T22:28:00Z,0.11521,0.11211880
2026-08-20T22:29:00Z,0.11568,0.11214843
2026-08-20T22:30:00Z,0.11531,0.11217807
2026-08-20T22:31:00Z,0.11493,0.11220772
2026-08-20T22:32:00Z,0.11486,0.11223737
2026-08-20T22:33:00Z,0.11546,0.11226704
2026-08-20T22:34:00Z,0.11577,0.11229671
2026-08-20T22:35:00Z,0.11582,0.11232638
2026-08-20T22:36:00Z,0.11524,0.11235607
2026-08-20T22:37:00Z,0.11545,0.11238576
2026-08-20T22:38:00Z,0.11559,0.11241546
2026-08-20T22:39:00Z,0.1156,0.11244517
2026-08-20T22:40:00Z,0.11603,0.11247489
2026-08-20T22:41:00Z,0.11528,0.11250461
2026-08-20T22:42:00Z,0.11519,0.11253435
2026-08-20T22:43:00Z,0.11537,0.11256409
2026-08-20T22:44:00Z,0.11513,0.11259384
2026-08-20T22:45:00Z,0.115,0.11262359
2026-08-20T22:46:00Z,0.11534,0.11265336
2026-08-20T22:47:00Z,0.11538,0.11268313
2026-08-20T22:48:00Z,0.1156,0.11271291
2026-08-20T22:49:00Z,0.11577,0.11274270
2026-08-20T22:50:00Z,0.1161,0.11277249
2026-08-20T22:51:00Z,0.11631,0.11280229
2026-08-20T22:52:00Z,0.11616,0.11283211
2026-08-20T22:53:00Z,0.11631,0.11286192
2026-08-20T22:54:00Z,0.11625,0.11289175
2026-08-20T22:55:00Z,0.11607,0.11292159
2026-08-20T22:56:00Z,0.11589,0.11295143
2026-08-20T22:57:00Z,0.11603,0.11298128
2026-08-20T22:58:00Z,0.11584,0.11301114
2026-08-20T22:59:00Z,0.11565,0.11304101
2026-08-20T23:00:00Z,0.11534,0.11307088
2026-08-20T23:01:00Z,0.11573,0.11310076
2026-08-20T23:02:00Z,0.11539,0.11313065
2026-08-20T23:03:00Z,0.11541,0.11316055
2026-08-20T23:04:00Z,0.11507,0.11319046
2026-08-20T23:05:00Z,0.11542,0.11322037
2026-08-20T23:06:00Z,0.11629,0.11325029
2026-08-20T23:07:00Z,0.11635,0.11328022
2026-08-20T23:08:00Z,0.11626,0.11331016
2026-08-20T23:09:00Z,0.11663,0.11334010
2026-08-20T23:10:00Z,0.11674,0.11337006
2026-08-20T23:11:00Z,0.11692,0.11340002
2026-08-20T23:12:00Z,0.11675,0.11342999
2026-08-20T23:13:00Z,0.1169,0.11345997
2026-08-20T23:14:00Z,0.1167,0.11348995
2026-08-20T23:15:00Z,0.11703,0.11351994
2026-08-20T23:16:00Z,0.11658,0.11354994
2026-08-20T23:17:00Z,0.11631,0.11357995
2026-08-20T23:18:00Z,0.1167,0.11360997
2026-08-20T23:19:00Z,0.11682,0.11364000
2026-08-20T23:20:00Z,0.11689,0.11367003
2026-08-20T23:21:00Z,0.11733,0.11370007
2026-08-20T23:22:00Z,0.11762,0.11373012
2026-08-20T23:23:00Z,0.11768,0.11376017
2026-08-20T23:24:00Z,0.11715,0.11379024
2026-08-20T23:25:00Z,0.11732,0.11382031
2026-08-20T23:26:00Z,0.11773,0.11385039
2026-08-20T23:27:00Z,0.11775,0.11388048
2026-08-20T23:28:00Z,0.11831,0.11391058
2026-08-20T23:29:00Z,0.1183,0.11394068
2026-08-20T23:30:00Z,0.11826,0.11397079
2026-08-20T23:31:00Z,0.11861,0.11400091
2026-08-20T23:32:00Z,0.11836,0.11403104
2026-08-20T23:33:00Z,0.11804,0.11406118
2026-08-20T23:34:00Z,0.11806,0.11409132
2026-08-20T23:35:00Z,0.11832,0.11412147
2026-08-20T23:36:00Z,0.11859,0.11415163
2026-08-20T23:37:00Z,0.11883,0.11418180
2026-08-20T23:38:00Z,0.11802,0.11421198
2026-08-20T23:39:00Z,0.11789,0.11424216
2026-08-20T23:40:00Z,0.11775,0.11427235
2026-08-20T23:41:00Z,0.11822,0.11430255
2026-08-20T23:42:00Z,0.11812,0.11433276
2026-08-20T23:43:00Z,0.11761,0.11436297
2026-08-20T23:44:00Z,0.11751,0.11439320
2026-08-20T23:45:00Z,0.11733,0.11442343
2026-08-20T23:46:00Z,0.11717,0.11445367
2026-08-20T23:47:00Z,0.11749,0.11448392
2026-08-20T23:48:00Z,0.1172,0.11451417
2026-08-20T23:49:00Z,0.11703,0.11454444
2026-08-20T23:50:00Z,0.11676,0.11457471
2026-08-20T23:51:00Z,0.11728,0.11460499
2026-08-20T23:52:00Z,0.11733,0.11463528
2026-08-20T23:53:00Z,0.11751,0.11466557
2026-08-20T23:54:00Z,0.11785,0.11469588
2026-08-20T23:55:00Z,0.11798,0.11472619
2026-08-20T23:56:00Z,0.11798,0.11475651
2026-08-20T23:57:00Z,0.11748,0.11478683
2026-08-20T23:58:00Z,0.11744,0.11481717
2026-08-20T23:59:00Z,0.11687,0.11484751
2026-08-21T00:00:00Z,0.1169,0.11487787
2026-08-21T00:01:00Z,0.11745,0.11490823
2026-08-21T00:02:00Z,0.11766,0.11493859
2026-08-21T00:03:00Z,0.11779,0.11496897
2026-08-21T00:04:00Z,0.11738,0.11499935
2026-08-21T00:05:00Z,0.11722,0.11502975
2026-08-21T00:06:00Z,0.11737,0.11506015
2026-08-21T00:07:00Z,0.11771,0.11509055
2026-08-21T00:08:00Z,0.11777,0.11512097
2026-08-21T00:09:00Z,0.11748,0.11515139
2026-08-21T00:10:00Z,0.11696,0.11518183
2026-08-21T00:11:00Z,0.11684,0.11521227
2026-08-21T00:12:00Z,0.11678,0.11524271
2026-08-21T00:13:00Z,0.11644,0.11527317
2026-08-21T00:14:00Z,0.11642,0.11530363
2026-08-21T00:15:00Z,0.11682,0.11533411
2026-08-21T00:16:00Z,0.11655,0.11536459
2026-08-21T00:17:00Z,0.11645,0.11539508
2026-08-21T00:18:00Z,0.11668,0.11542557
2026-08-21T00:19:00Z,0.11733,0.11545608
2026-08-21T00:20:00Z,0.11766,0.11548659
2026-08-21T00:21:00Z,0.11822,0.11551711
2026-08-21T00:22:00Z,0.11813,0.11554764
2026-08-21T00:23:00Z,0.11814,0.11557818
2026-08-21T00:24:00Z,0.11829,0.11560872
2026-08-21T00:25:00Z,0.11835,0.11563927
2026-08-21T00:26:00Z,0.11808,0.11566983
2026-08-21T00:27:00Z,0.11822,0.11570040
2026-08-21T00:28:00Z,0.11842,0.11573098
2026-08-21T00:29:00Z,0.11821,0.11576157
2026-08-21T00:30:00Z,0.11812,0.11579216
2026-08-21T00:31:00Z,0.11839,0.11582276
2026-08-21T00:32:00Z,0.11773,0.11585337
2026-08-21T00:33:00Z,0.11792,0.11588399
2026-08-21T00:34:00Z,0.11827,0.11591461
2026-08-21T00:35:00Z,0.11796,0.11594525
2026-08-21T00:36:00Z,0.11718,0.11597589
2026-08-21T00:37:00Z,0.11697,0.11600654
2026-08-21T00:38:00Z,0.11712,0.11603720
2026-08-21T00:39:00Z,0.11783,0.11606786
2026-08-21T00:40:00Z,0.11812,0.11609854
2026-08-21T00:41:00Z,0.11812,0.11612922
2026-08-21T00:42:00Z,0.11816,0.11615991
2026-08-21T00:43:00Z,0.11843,0.11619061
2026-08-21T00:44:00Z,0.11811,0.11622132
2026-08-21T00:45:00Z,0.1181,0.11625203
2026-08-21T00:46:00Z,0.11834,0.11628275
2026-08-21T00:47:00Z,0.11871,0.11631349
2026-08-21T00:48:00Z,0.11845,0.11634423
2026-08-21T00:49:00Z,0.1185,0.11637497
2026-08-21T00:50:00Z,0.11793,0.11640573
2026-08-21T00:51:00Z,0.11808,0.11643649
2026-08-21T00:52:00Z,0.11831,0.11646726
2026-08-21T00:53:00Z,0.11836,0.11649804
2026-08-21T00:54:00Z,0.11901,0.11652883
2026-08-21T00:55:00Z,0.11886,0.11655963
2026-08-21T00:56:00Z,0.1189,0.11659043
2026-08-21T00:57:00Z,0.11957,0.11662124
2026-08-21T00:58:00Z,0.11948,0.11665206
2026-08-21T00:59:00Z,0.1194,0.11668289
2026-08-21T01:00:00Z,0.11984,0.11671373
2026-08-21T01:01:00Z,0.11973,0.11674458
2026-08-21T01:02:00Z,0.11979,0.11677543
2026-08-21T01:03:00Z,0.12004,0.11680629
2026-08-21T01:04:00Z,0.12008,0.11683716
2026-08-21T01:05:00Z,0.1197,0.11686804
2026-08-21T01:06:00Z,0.11943,0.11689892
2026-08-21T01:07:00Z,0.11926,0.11692982
2026-08-21T01:08:00Z,0.11916,0.11696072
2026-08-21T01:09:00Z,0.11999,0.11699163
2026-08-21T01:10:00Z,0.12011,0.11702255
2026-08-21T01:11:00Z,0.1202,0.11705347
2026-08-21T01:12:00Z,0.12038,0.11708441
2026-08-21T01:13:00Z,0.12,0.11711535
2026-08-21T01:14:00Z,0.11962,0.11714630
2026-08-21T01:15:00Z,0.11942,0.11717726
2026-08-21T01:16:00Z,0.11938,0.11720823
2026-08-21T01:17:00Z,0.11988,0.11723921
2026-08-21T01:18:00Z,0.11964,0.11727019
2026-08-21T01:19:00Z,0.11981,0.11730118
2026-08-21T01:20:00Z,0.11945,0.11733218
2026-08-21T01:21:00Z,0.11862,0.11736319
2026-08-21T01:22:00Z,0.11863,0.11739421
2026-08-21T01:23:00Z,0.11844,0.11742523
2026-08-21T01:24:00Z,0.1184,0.11745626
2026-08-21T01:25:00Z,0.11823,0.11748731
2026-08-21T01:26:00Z,0.11814,0.11751836
2026-08-21T01:27:00Z,0.11806,0.11754941
2026-08-21T01:28:00Z,0.11867,0.11758048
2026-08-21T01:29:00Z,0.11904,0.11761155
2026-08-21T01:30:00Z,0.11874,0.11764264
2026-08-21T01:31:00Z,0.11867,0.11767373
2026-08-21T01:32:00Z,0.11912,0.11770482
2026-08-21T01:33:00Z,0.11888,0.11773593
2026-08-21T01:34:00Z,0.11913,0.11776705
2026-08-21T01:35:00Z,0.11952,0.11779817
2026-08-21T01:36:00Z,0.11945,0.11782930
2026-08-21T01:37:00Z,0.11942,0.11786044
2026-08-21T01:38:00Z,0.11962,0.11789159
2026-08-21T01:39:00Z,0.11994,0.11792275
2026-08-21T01:40:00Z,0.12008,0.11795391
2026-08-21T01:41:00Z,0.11981,0.11798508
2026-08-21T01:42:00Z,0.11992,0.11801626
2026-08-21T01:43:00Z,0.12096,0.11804745
2026-08-21T01:44:00Z,0.12137,0.11807865
2026-08-21T01:45:00Z,0.12184,0.11810986
2026-08-21T01:46:00Z,0.12181,0.11814107
2026-08-21T01:47:00Z,0.12148,0.11817229
2026-08-21T01:48:00Z,0.12199,0.11820352
2026-08-21T01:49:00Z,0.1212,0.11823476
2026-08-21T01:50:00Z,0.12058,0.11826601
2026-08-21T01:51:00Z,0.12094,0.11829726
2026-08-21T01:52:00Z,0.12151,0.11832853
2026-08-21T01:53:00Z,0.12158,0.11835980
2026-08-21T01:54:00Z,0.1221,0.11839108
2026-08-21T01:55:00Z,0.12201,0.11842237
2026-08-21T01:56:00Z,0.12249,0.11845366
2026-08-21T01:57:00Z,0.1212,0.11848497
2026-08-21T01:58:00Z,0.12082,0.11851628
2026-08-21T01:59:00Z,0.12094,0.11854760
2026-08-21T02:00:00Z,0.12123,0.11857893
2026-08-21T02:01:00Z,0.1213,0.11861027
2026-08-21T02:02:00Z,0.1215,0.11864162
2026-08-21T02:03:00Z,0.12133,0.11867297
2026-08-21T02:04:00Z,0.12156,0.11870433
2026-08-21T02:05:00Z,0.12217,0.11873571
2026-08-21T02:06:00Z,0.12202,0.11876709
2026-08-21T02:07:00Z,0.12298,0.11879847
2026-08-21T02:08:00Z,0.1229,0.11882987
2026-08-21T02:09:00Z,0.12303,0.11886127
2026-08-21T02:10:00Z,0.12257,0.11889269
2026-08-21T02:11:00Z,0.12203,0.11892411
2026-08-21T02:12:00Z,0.12153,0.11895554
2026-08-21T02:13:00Z,0.12097,0.11898697
2026-08-21T02:14:00Z,0.12129,0.11901842
2026-08-21T02:15:00Z,0.12113,0.11904987
2026-08-21T02:16:00Z,0.12081,0.11908134
2026-08-21T02:17:00Z,0.12184,0.11911281
2026-08-21T02:18:00Z,0.12225,0.11914429
2026-08-21T02:19:00Z,0.12249,0.11917577
2026-08-21T02:20:00Z,0.1219,0.11920727
2026-08-21T02:21:00Z,0.12204,0.11923877
2026-08-21T02:22:00Z,0.12283,0.11927028
2026-08-21T02:23:00Z,0.12319,0.11930181
2026-08-21T02:24:00Z,0.12308,0.11933333
2026-08-21T02:25:00Z,0.12255,0.11936487
2026-08-21T02:26:00Z,0.12288,0.11939642
2026-08-21T02:27:00Z,0.1226,0.11942797
2026-08-21T02:28:00Z,0.12332,0.11945953
2026-08-21T02:29:00Z,0.12264,0.11949110
2026-08-21T02:30:00Z,0.12212,0.11952268
2026-08-21T02:31:00Z,0.12255,0.11955427
2026-08-21T02:32:00Z,0.12254,0.11958587
2026-08-21T02:33:00Z,0.12293,0.11961747
2026-08-21T02:34:00Z,0.12247,0.11964908
2026-08-21T02:35:00Z,0.12309,0.11968070
2026-08-21T02:36:00Z,0.12208,0.11971233
2026-08-21T02:37:00Z,0.12157,0.11974397
2026-08-21T02:38:00Z,0.12115,0.11977562
2026-08-21T02:39:00Z,0.12138,0.11980727
2026-08-21T02:40:00Z,0.12219,0.11983893
2026-08-21T02:41:00Z,0.12225,0.11987060
2026-08-21T02:42:00Z,0.123,0.11990228
2026-08-21T02:43:00Z,0.12287,0.11993397
2026-08-21T02:44:00Z,0.12282,0.11996567
2026-08-21T02:45:00Z,0.12241,0.11999737
2026-08-21T02:46:00Z,0.12226,0.12002908
2026-08-21T02:47:00Z,0.12297,0.12006081
2026-08-21T02:48:00Z,0.12293,0.12009253
2026-08-21T02:49:00Z,0.1227,0.12012427
2026-08-21T02:50:00Z,0.12276,0.12015602
2026-08-21T02:51:00Z,0.12324,0.12018777
2026-08-21T02:52:00Z,0.12341,0.12021954
2026-08-21T02:53:00Z,0.12359,0.12025131
2026-08-21T02:54:00Z,0.12382,0.12028309
2026-08-21T02:55:00Z,0.12382,0.12031488
2026-08-21T02:56:00Z,0.12405,0.12034667
2026-08-21T02:57:00Z,0.12399,0.12037848
2026-08-21T02:58:00Z,0.12398,0.12041029
2026-08-21T02:59:00Z,0.1244,0.12044211
2026-08-21T03:00:00Z,0.12354,0.12047394
2026-08-21T03:01:00Z,0.1233,0.12050578
2026-08-21T03:02:00Z,0.12323,0.12053763
2026-08-21T03:03:00Z,0.12287,0.12056949
2026-08-21T03:04:00Z,0.12248,0.12060135
2026-08-21T03:05:00Z,0.12223,0.12063322
2026-08-21T03:06:00Z,0.12221,0.12066510
2026-08-21T03:07:00Z,0.12232,0.12069699
2026-08-21T03:08:00Z,0.12246,0.12072889
2026-08-21T03:09:00Z,0.12251,0.12076080
2026-08-21T03:10:00Z,0.12266,0.12079271
2026-08-21T03:11:00Z,0.12223,0.12082463
2026-08-21T03:12:00Z,0.12282,0.12085657
2026-08-21T03:13:00Z,0.12251,0.12088851
2026-08-21T03:14:00Z,0.12176,0.12092045
2026-08-21T03:15:00Z,0.121,0.12095241
2026-08-21T03:16:00Z,0.12128,0.12098438
2026-08-21T03:17:00Z,0.12143,0.12101635
2026-08-21T03:18:00Z,0.12169,0.12104833
2026-08-21T03:19:00Z,0.12205,0.12108032
2026-08-21T03:20:00Z,0.12249,0.12111232
2026-08-21T03:21:00Z,0.12259,0.12114433
2026-08-21T03:22:00Z,0.12241,0.12117634
2026-08-21T03:23:00Z,0.1224,0.12120837
2026-08-21T03:24:00Z,0.1226,0.12124040
2026-08-21T03:25:00Z,0.12288,0.12127244
2026-08-21T03:26:00Z,0.12256,0.12130449
2026-08-21T03:27:00Z,0.12305,0.12133655
2026-08-21T03:28:00Z,0.12284,0.12136862
2026-08-21T03:29:00Z,0.12267,0.12140069
2026-08-21T03:30:00Z,0.12261,0.12143278
2026-08-21T03:31:00Z,0.12393,0.12146487
2026-08-21T03:32:00Z,0.12395,0.12149697
2026-08-21T03:33:00Z,0.12348,0.12152908
2026-08-21T03:34:00Z,0.12454,0.12156120
2026-08-21T03:35:00Z,0.12449,0.12159332
2026-08-21T03:36:00Z,0.12454,0.12162546
2026-08-21T03:37:00Z,0.12476,0.12165760
2026-08-21T03:38:00Z,0.1241,0.12168975
2026-08-21T03:39:00Z,0.12454,0.12172191
2026-08-21T03:40:00Z,0.12511,0.12175408
2026-08-21T03:41:00Z,0.1251,0.12178626
2026-08-21T03:42:00Z,0.12519,0.12181844
2026-08-21T03:43:00Z,0.1253,0.12185064
2026-08-21T03:44:00Z,0.12489,0.12188284
2026-08-21T03:45:00Z,0.12491,0.12191505
2026-08-21T03:46:00Z,0.12549,0.12194727
2026-08-21T03:47:00Z,0.1248,0.12197950
2026-08-21T03:48:00Z,0.12419,0.12201173
2026-08-21T03:49:00Z,0.12461,0.12204398
2026-08-21T03:50:00Z,0.12477,0.12207623
2026-08-21T03:51:00Z,0.12477,0.12210850
2026-08-21T03:52:00Z,0.12458,0.12214077
2026-08-21T03:53:00Z,0.12444,0.12217305
2026-08-21T03:54:00Z,0.1239,0.12220533
2026-08-21T03:55:00Z,0.1243,0.12223763
2026-08-21T03:56:00Z,0.1249,0.12226993
2026-08-21T03:57:00Z,0.1243,0.12230225
2026-08-21T03:58:00Z,0.12468,0.12233457
2026-08-21T03:59:00Z,0.12522,0.12236690
2026-08-21T04:00:00Z,0.12524,0.12239924
2026-08-21T04:01:00Z,0.12504,0.12243159
2026-08-21T04:02:00Z,0.12525,0.12246394
2026-08-21T04:03:00Z,0.12523,0.12249631
2026-08-21T04:04:00Z,0.12604,0.12252868
2026-08-21T04:05:00Z,0.12527,0.12256106
2026-08-21T04:06:00Z,0.12475,0.12259345
2026-08-21T04:07:00Z,0.1241,0.12262585
2026-08-21T04:08:00Z,0.12392,0.12265826
2026-08-21T04:09:00Z,0.12403,0.12269068
2026-08-21T04:10:00Z,0.12436,0.12272310
2026-08-21T04:11:00Z,0.12426,0.12275553
2026-08-21T04:12:00Z,0.12456,0.12278797
2026-08-21T04:13:00Z,0.12417,0.12282043
2026-08-21T04:14:00Z,0.12388,0.12285288
2026-08-21T04:15:00Z,0.12442,0.12288535
2026-08-21T04:16:00Z,0.12459,0.12291783
2026-08-21T04:17:00Z,0.12426,0.12295031
2026-08-21T04:18:00Z,0.12468,0.12298281
2026-08-21T04:19:00Z,0.1259,0.12301531
2026-08-21T04:20:00Z,0.1256,0.12304782
2026-08-21T04:21:00Z,0.12573,0.12308034
2026-08-21T04:22:00Z,0.12477,0.12311286
2026-08-21T04:23:00Z,0.12483,0.12314540
2026-08-21T04:24:00Z,0.12519,0.12317795
2026-08-21T04:25:00Z,0.12515,0.12321050
2026-08-21T04:26:00Z,0.1254,0.12324306
2026-08-21T04:27:00Z,0.1253,0.12327563
2026-08-21T04:28:00Z,0.12519,0.12330821
2026-08-21T04:29:00Z,0.12542,0.12334080
2026-08-21T04:30:00Z,0.12576,0.12337339
2026-08-21T04:31:00Z,0.12507,0.12340600
2026-08-21T04:32:00Z,0.12506,0.12343861
2026-08-21T04:33:00Z,0.12491,0.12347124
2026-08-21T04:34:00Z,0.12542,0.12350387
2026-08-21T04:35:00Z,0.12589,0.12353651
2026-08-21T04:36:00Z,0.12608,0.12356915
2026-08-21T04:37:00Z,0.12615,0.12360181
2026-08-21T04:38:00Z,0.12584,0.12363448
2026-08-21T04:39:00Z,0.12595,0.12366715
2026-08-21T04:40:00Z,0.12645,0.12369983
2026-08-21T04:41:00Z,0.12627,0.12373252
2026-08-21T04:42:00Z,0.12557,0.12376522
2026-08-21T04:43:00Z,0.12587,0.12379793
2026-08-21T04:44:00Z,0.12534,0.12383065
2026-08-21T04:45:00Z,0.125,0.12386338
2026-08-21T04:46:00Z,0.12533,0.12389611
2026-08-21T04:47:00Z,0.12526,0.12392885
2026-08-21T04:48:00Z,0.12498,0.12396161
2026-08-21T04:49:00Z,0.12462,0.12399437
2026-08-21T04:50:00Z,0.12505,0.12402713
2026-08-21T04:51:00Z,0.12557,0.12405991
2026-08-21T04:52:00Z,0.12565,0.12409270
2026-08-21T04:53:00Z,0.1259,0.12412549
2026-08-21T04:54:00Z,0.12573,0.12415830
2026-08-21T04:55:00Z,0.12613,0.12419111
2026-08-21T04:56:00Z,0.12639,0.12422393
2026-08-21T04:57:00Z,0.12618,0.12425676
2026-08-21T04:58:00Z,0.12613,0.12428960
2026-08-21T04:59:00Z,0.12638,0.12432245
2026-08-21T05:00:00Z,0.12611,0.12435530
2026-08-21T05:01:00Z,0.12662,0.12438817
2026-08-21T05:02:00Z,0.12627,0.12442104
2026-08-21T05:03:00Z,0.12638,0.12445392
2026-08-21T05:04:00Z,0.12714,0.12448681
2026-08-21T05:05:00Z,0.12667,0.12451971
2026-08-21T05:06:00Z,0.12677,0.12455262
2026-08-21T05:07:00Z,0.12717,0.12458554
2026-08-21T05:08:00Z,0.12758,0.12461846
2026-08-21T05:09:00Z,0.12757,0.12465140
2026-08-21T05:10:00Z,0.127,0.12468434
2026-08-21T05:11:00Z,0.12713,0.12471729
2026-08-21T05:12:00Z,0.12773,0.12475025
2026-08-21T05:13:00Z,0.12774,0.12478322
2026-08-21T05:14:00Z,0.12744,0.12481620
2026-08-21T05:15:00Z,0.12766,0.12484918
2026-08-21T05:16:00Z,0.12841,0.12488218
2026-08-21T05:17:00Z,0.12867,0.12491518
2026-08-21T05:18:00Z,0.12926,0.12494819
2026-08-21T05:19:00Z,0.12982,0.12498122
2026-08-21T05:20:00Z,0.12974,0.12501425
2026-08-21T05:21:00Z,0.13003,0.12504728
2026-08-21T05:22:00Z,0.12995,0.12508033
2026-08-21T05:23:00Z,0.12974,0.12511339
2026-08-21T05:24:00Z,0.12943,0.12514645
2026-08-21T05:25:00Z,0.12947,0.12517953
2026-08-21T05:26:00Z,0.12929,0.12521261
2026-08-21T05:27:00Z,0.12914,0.12524570
2026-08-21T05:28:00Z,0.12914,0.12527880
2026-08-21T05:29:00Z,0.12963,0.12531191
2026-08-21T05:30:00Z,0.12944,0.12534503
2026-08-21T05:31:00Z,0.12947,0.12537815
2026-08-21T05:32:00Z,0.12956,0.12541129
2026-08-21T05:33:00Z,0.12926,0.12544443
2026-08-21T05:34:00Z,0.12839,0.12547758
2026-08-21T05:35:00Z,0.12852,0.12551074
2026-08-21T05:36:00Z,0.12929,0.12554391
2026-08-21T05:37:00Z,0.12924,0.12557709
2026-08-21T05:38:00Z,0.12865,0.12561028
2026-08-21T05:39:00Z,0.12814,0.12564348
2026-08-21T05:40:00Z,0.12694,0.12567668
2026-08-21T05:41:00Z,0.12715,0.12570989
2026-08-21T05:42:00Z,0.12694,0.12574312
2026-08-21T05:43:00Z,0.12711,0.12577635
2026-08-21T05:44:00Z,0.12677,0.12580959
2026-08-21T05:45:00Z,0.12667,0.12584284
2026-08-21T05:46:00Z,0.12745,0.12587609
2026-08-21T05:47:00Z,0.12767,0.12590936
2026-08-21T05:48:00Z,0.1276,0.12594264
2026-08-21T05:49:00Z,0.12779,0.12597592
2026-08-21T05:50:00Z,0.12844,0.12600921
2026-08-21T05:51:00Z,0.12866,0.12604251
2026-08-21T05:52:00Z,0.12875,0.12607583
2026-08-21T05:53:00Z,0.12851,0.12610914
2026-08-21T05:54:00Z,0.12968,0.12614247
2026-08-21T05:55:00Z,0.13013,0.12617581
2026-08-21T05:56:00Z,0.13074,0.12620915
2026-08-21T05:57:00Z,0.13055,0.12624251
2026-08-21T05:58:00Z,0.13073,0.12627587
2026-08-21T05:59:00Z,0.13075,0.12630924
2026-08-21T06:00:00Z,0.13096,0.12634263
2026-08-21T06:01:00Z,0.12951,0.12637602
2026-08-21T06:02:00Z,0.12889,0.12640941
2026-08-21T06:03:00Z,0.12886,0.12644282
2026-08-21T06:04:00Z,0.12905,0.12647624
2026-08-21T06:05:00Z,0.12869,0.12650966
2026-08-21T06:06:00Z,0.12866,0.12654310
2026-08-21T06:07:00Z,0.12904,0.12657654
2026-08-21T06:08:00Z,0.1291,0.12660999
2026-08-21T06:09:00Z,0.12896,0.12664345
2026-08-21T06:10:00Z,0.12889,0.12667692
2026-08-21T06:11:00Z,0.12889,0.12671040
2026-08-21T06:12:00Z,0.12935,0.12674389
2026-08-21T06:13:00Z,0.1293,0.12677738
2026-08-21T06:14:00Z,0.12953,0.12681089
2026-08-21T06:15:00Z,0.12983,0.12684440
2026-08-21T06:16:00Z,0.12995,0.12687792
2026-08-21T06:17:00Z,0.13064,0.12691145
2026-08-21T06:18:00Z,0.13059,0.12694499
2026-08-21T06:19:00Z,0.13037,0.12697854
2026-08-21T06:20:00Z,0.13047,0.12701210
2026-08-21T06:21:00Z,0.12986,0.12704567
2026-08-21T06:22:00Z,0.12983,0.12707924
2026-08-21T06:23:00Z,0.12965,0.12711283
2026-08-21T06:24:00Z,0.12993,0.12714642
2026-08-21T06:25:00Z,0.13006,0.12718002
2026-08-21T06:26:00Z,0.12993,0.12721363
2026-08-21T06:27:00Z,0.13069,0.12724725
2026-08-21T06:28:00Z,0.13008,0.12728088
2026-08-21T06:29:00Z,0.13032,0.12731452
2026-08-21T06:30:00Z,0.13017,0.12734817
2026-08-21T06:31:00Z,0.12984,0.12738182
2026-08-21T06:32:00Z,0.12953,0.12741549
2026-08-21T06:33:00Z,0.12997,0.12744916
2026-08-21T06:34:00Z,0.12964,0.12748284
2026-08-21T06:35:00Z,0.1293,0.12751653
2026-08-21T06:36:00Z,0.12874,0.12755023
2026-08-21T06:37:00Z,0.12833,0.12758394
2026-08-21T06:38:00Z,0.12844,0.12761766
2026-08-21T06:39:00Z,0.12818,0.12765139
2026-08-21T06:40:00Z,0.12937,0.12768512
2026-08-21T06:41:00Z,0.12918,0.12771887
2026-08-21T06:42:00Z,0.13005,0.12775262
2026-08-21T06:43:00Z,0.12993,0.12778638
2026-08-21T06:44:00Z,0.1304,0.12782015
2026-08-21T06:45:00Z,0.12985,0.12785393
2026-08-21T06:46:00Z,0.12934,0.12788772
2026-08-21T06:47:00Z,0.12959,0.12792152
2026-08-21T06:48:00Z,0.12988,0.12795533
2026-08-21T06:49:00Z,0.13019,0.12798914
2026-08-21T06:50:00Z,0.13011,0.12802297
2026-08-21T06:51:00Z,0.12971,0.12805680
2026-08-21T06:52:00Z,0.12952,0.12809064
2026-08-21T06:53:00Z,0.12984,0.12812450
2026-08-21T06:54:00Z,0.13072,0.12815836
2026-08-21T06:55:00Z,0.13149,0.12819223
2026-08-21T06:56:00Z,0.13111,0.12822610
2026-08-21T06:57:00Z,0.13092,0.12825999
2026-08-21T06:58:00Z,0.13115,0.12829389
2026-08-21T06:59:00Z,0.13106,0.12832779
2026-08-21T07:00:00Z,0.13046,0.12836171
2026-08-21T07:01:00Z,0.13022,0.12839563
2026-08-21T07:02:00Z,0.13001,0.12842956
2026-08-21T07:03:00Z,0.13125,0.12846351
2026-08-21T07:04:00Z,0.13133,0.12849746
2026-08-21T07:05:00Z,0.13129,0.12853141
2026-08-21T07:06:00Z,0.13163,0.12856538
2026-08-21T07:07:00Z,0.13188,0.12859936
2026-08-21T07:08:00Z,0.13228,0.12863335
2026-08-21T07:09:00Z,0.13231,0.12866734
2026-08-21T07:10:00Z,0.13236,0.12870135
2026-08-21T07:11:00Z,0.1326,0.12873536
2026-08-21T07:12:00Z,0.1326,0.12876938
2026-08-21T07:13:00Z,0.1326,0.12880341
2026-08-21T07:14:00Z,0.13161,0.12883745
2026-08-21T07:15:00Z,0.13213,0.12887150
2026-08-21T07:16:00Z,0.13288,0.12890556
2026-08-21T07:17:00Z,0.13293,0.12893963
2026-08-21T07:18:00Z,0.13288,0.12897370
2026-08-21T07:19:00Z,0.13294,0.12900779
2026-08-21T07:20:00Z,0.13272,0.12904188
2026-08-21T07:21:00Z,0.13278,0.12907598
2026-08-21T07:22:00Z,0.13241,0.12911010
2026-08-21T07:23:00Z,0.132,0.12914422
2026-08-21T07:24:00Z,0.13225,0.12917835
2026-08-21T07:25:00Z,0.13262,0.12921249
2026-08-21T07:26:00Z,0.13317,0.12924663
2026-08-21T07:27:00Z,0.13336,0.12928079
2026-08-21T07:28:00Z,0.1332,0.12931496
2026-08-21T07:29:00Z,0.13254,0.12934913
2026-08-21T07:30:00Z,0.13266,0.12938332
2026-08-21T07:31:00Z,0.13285,0.12941751
2026-08-21T07:32:00Z,0.13277,0.12945171
2026-08-21T07:33:00Z,0.13293,0.12948592
2026-08-21T07:34:00Z,0.13256,0.12952015
2026-08-21T07:35:00Z,0.13325,0.12955437
2026-08-21T07:36:00Z,0.13355,0.12958861
2026-08-21T07:37:00Z,0.13322,0.12962286
2026-08-21T07:38:00Z,0.1326,0.12965712
2026-08-21T07:39:00Z,0.13254,0.12969138
2026-08-21T07:40:00Z,0.13238,0.12972566
2026-08-21T07:41:00Z,0.13264,0.12975994
2026-08-21T07:42:00Z,0.13222,0.12979423
2026-08-21T07:43:00Z,0.13234,0.12982854
2026-08-21T07:44:00Z,0.13321,0.12986285
2026-08-21T07:45:00Z,0.13328,0.12989717
2026-08-21T07:46:00Z,0.13436,0.12993150
2026-08-21T07:47:00Z,0.13407,0.12996583
2026-08-21T07:48:00Z,0.13398,0.13000018
2026-08-21T07:49:00Z,0.13379,0.13003454
2026-08-21T07:50:00Z,0.1336,0.13006890
2026-08-21T07:51:00Z,0.1331,0.13010328
2026-08-21T07:52:00Z,0.13331,0.13013766
2026-08-21T07:53:00Z,0.1336,0.13017205
2026-08-21T07:54:00Z,0.13315,0.13020646
2026-08-21T07:55:00Z,0.13185,0.13024087
2026-08-21T07:56:00Z,0.13221,0.13027529
2026-08-21T07:57:00Z,0.13082,0.13030972
2026-08-21T07:58:00Z,0.13155,0.13034415
2026-08-21T07:59:00Z,0.13155,0.13037860
2026-08-21T08:00:00Z,0.13133,0.13041306
2026-08-21T08:01:00Z,0.13271,0.13044752
2026-08-21T08:02:00Z,0.13232,0.13048200
2026-08-21T08:03:00Z,0.13226,0.13051648
2026-08-21T08:04:00Z,0.13259,0.13055097
2026-08-21T08:05:00Z,0.13165,0.13058548
2026-08-21T08:06:00Z,0.13221,0.13061999
2026-08-21T08:07:00Z,0.13245,0.13065451
2026-08-21T08:08:00Z,0.13274,0.13068904
2026-08-21T08:09:00Z,0.13255,0.13072357
2026-08-21T08:10:00Z,0.13268,0.13075812
2026-08-21T08:11:00Z,0.1329,0.13079268
2026-08-21T08:12:00Z,0.13339,0.13082724
2026-08-21T08:13:00Z,0.13357,0.13086182
2026-08-21T08:14:00Z,0.13309,0.13089640
2026-08-21T08:15:00Z,0.13318,0.13093100
2026-08-21T08:16:00Z,0.13314,0.13096560
2026-08-21T08:17:00Z,0.13284,0.13100021
2026-08-21T08:18:00Z,0.13355,0.13103483
2026-08-21T08:19:00Z,0.13383,0.13106946
2026-08-21T08:20:00Z,0.13385,0.13110410
2026-08-21T08:21:00Z,0.13532,0.13113875
2026-08-21T08:22:00Z,0.13526,0.13117341
2026-08-21T08:23:00Z,0.13535,0.13120807
2026-08-21T08:24:00Z,0.13468,0.13124275
2026-08-21T08:25:00Z,0.13522,0.13127743
2026-08-21T08:26:00Z,0.13523,0.13131213
2026-08-21T08:27:00Z,0.13607,0.13134683
2026-08-21T08:28:00Z,0.13599,0.13138154
2026-08-21T08:29:00Z,0.13512,0.13141626
2026-08-21T08:30:00Z,0.13497,0.13145099
2026-08-21T08:31:00Z,0.13503,0.13148573
2026-08-21T08:32:00Z,0.13437,0.13152048
2026-08-21T08:33:00Z,0.13445,0.13155524
2026-08-21T08:34:00Z,0.13503,0.13159001
2026-08-21T08:35:00Z,0.13467,0.13162478
2026-08-21T08:36:00Z,0.13469,0.13165957
2026-08-21T08:37:00Z,0.13496,0.13169436
2026-08-21T08:38:00Z,0.13565,0.13172917
2026-08-21T08:39:00Z,0.13604,0.13176398
2026-08-21T08:40:00Z,0.13623,0.13179880
2026-08-21T08:41:00Z,0.13655,0.13183364
2026-08-21T08:42:00Z,0.137,0.13186848
2026-08-21T08:43:00Z,0.13779,0.13190333
2026-08-21T08:44:00Z,0.13803,0.13193819
2026-08-21T08:45:00Z,0.13859,0.13197305
2026-08-21T08:46:00Z,0.13846,0.13200793
2026-08-21T08:47:00Z,0.13886,0.13204282
2026-08-21T08:48:00Z,0.13924,0.13207772
2026-08-21T08:49:00Z,0.13962,0.13211262
2026-08-21T08:50:00Z,0.13967,0.13214754
2026-08-21T08:51:00Z,0.14024,0.13218246
2026-08-21T08:52:00Z,0.14211,0.13221739
2026-08-21T08:53:00Z,0.14224,0.13225234
2026-08-21T08:54:00Z,0.14258,0.13228729
2026-08-21T08:55:00Z,0.14317,0.13232225
2026-08-21T08:56:00Z,0.1432,0.13235722
2026-08-21T08:57:00Z,0.14501,0.13239220
2026-08-21T08:58:00Z,0.14343,0.13242719
2026-08-21T08:59:00Z,0.14186,0.13246218
2026-08-21T09:00:00Z,0.14208,0.13249719
2026-08-21T09:01:00Z,0.14214,0.13253221
2026-08-21T09:02:00Z,0.14008,0.13256723
2026-08-21T09:03:00Z,0.13845,0.13260227
2026-08-21T09:04:00Z,0.13701,0.13263731
2026-08-21T09:05:00Z,0.13646,0.13267236
2026-08-21T09:06:00Z,0.13659,0.13270743
2026-08-21T09:07:00Z,0.13388,0.13274250
2026-08-21T09:08:00Z,0.1348,0.13277758
2026-08-21T09:09:00Z,0.13415,0.13281267
2026-08-21T09:10:00Z,0.13578,0.13284777
2026-08-21T09:11:00Z,0.13612,0.13288288
2026-08-21T09:12:00Z,0.13514,0.13291800
2026-08-21T09:13:00Z,0.13537,0.13295312
2026-08-21T09:14:00Z,0.13419,0.13298826
2026-08-21T09:15:00Z,0.1346,0.13302341
2026-08-21T09:16:00Z,0.13314,0.13305856
2026-08-21T09:17:00Z,0.13402,0.13309373
2026-08-21T09:18:00Z,0.13394,0.13312890
2026-08-21T09:19:00Z,0.1328,0.13316408
2026-08-21T09:20:00Z,0.13194,0.13319928
2026-08-21T09:21:00Z,0.13244,0.13323448
2026-08-21T09:22:00Z,0.13236,0.13326969
2026-08-21T09:23:00Z,0.13231,0.13330491
2026-08-21T09:24:00Z,0.13327,0.13334014
2026-08-21T09:25:00Z,0.13293,0.13337538
2026-08-21T09:26:00Z,0.13285,0.13341063
2026-08-21T09:27:00Z,0.13336,0.13344588
2026-08-21T09:28:00Z,0.1356,0.13348115
2026-08-21T09:29:00Z,0.13622,0.13351643
2026-08-21T09:30:00Z,0.13616,0.13355171
2026-08-21T09:31:00Z,0.13645,0.13358701
2026-08-21T09:32:00Z,0.1362,0.13362231
2026-08-21T09:33:00Z,0.13696,0.13365763
2026-08-21T09:34:00Z,0.13778,0.13369295
2026-08-21T09:35:00Z,0.13821,0.13372828
2026-08-21T09:36:00Z,0.13847,0.13376362
2026-08-21T09:37:00Z,0.13802,0.13379897
2026-08-21T09:38:00Z,0.13887,0.13383433
2026-08-21T09:39:00Z,0.13825,0.13386970
2026-08-21T09:40:00Z,0.13875,0.13390508
2026-08-21T09:41:00Z,0.13866,0.13394047
2026-08-21T09:42:00Z,0.13717,0.13397587
2026-08-21T09:43:00Z,0.1372,0.13401128
2026-08-21T09:44:00Z,0.1382,0.13404669
2026-08-21T09:45:00Z,0.13862,0.13408212
2026-08-21T09:46:00Z,0.13913,0.13411755
2026-08-21T09:47:00Z,0.13871,0.13415300
2026-08-21T09:48:00Z,0.13955,0.13418845
2026-08-21T09:49:00Z,0.13914,0.13422391
2026-08-21T09:50:00Z,0.14035,0.13425939
2026-08-21T09:51:00Z,0.14009,0.13429487
2026-08-21T09:52:00Z,0.1404,0.13433036
2026-08-21T09:53:00Z,0.14005,0.13436586
2026-08-21T09:54:00Z,0.1395,0.13440137
2026-08-21T09:55:00Z,0.13972,0.13443689
2026-08-21T09:56:00Z,0.13966,0.13447242
2026-08-21T09:57:00Z,0.13966,0.13450796
2026-08-21T09:58:00Z,0.13785,0.13454351
2026-08-21T09:59:00Z,0.13716,0.13457906
2026-08-21T10:00:00Z,0.13798,0.13461463
2026-08-21T10:01:00Z,0.13673,0.13465020
2026-08-21T10:02:00Z,0.1366,0.13468579
2026-08-21T10:03:00Z,0.13652,0.13472138
2026-08-21T10:04:00Z,0.13681,0.13475699
2026-08-21T10:05:00Z,0.13726,0.13479260
2026-08-21T10:06:00Z,0.13789,0.13482822
2026-08-21T10:07:00Z,0.13862,0.13486386
2026-08-21T10:08:00Z,0.13861,0.13489950
2026-08-21T10:09:00Z,0.13822,0.13493515
2026-08-21T10:10:00Z,0.13778,0.13497081
2026-08-21T10:11:00Z,0.13789,0.13500648
2026-08-21T10:12:00Z,0.13764,0.13504216
2026-08-21T10:13:00Z,0.13662,0.13507785
2026-08-21T10:14:00Z,0.1367,0.13511355
2026-08-21T10:15:00Z,0.13637,0.13514925
2026-08-21T10:16:00Z,0.13664,0.13518497
2026-08-21T10:17:00Z,0.13753,0.13522070
2026-08-21T10:18:00Z,0.13735,0.13525643
2026-08-21T10:19:00Z,0.13742,0.13529218
2026-08-21T10:20:00Z,0.138,0.13532793
2026-08-21T10:21:00Z,0.13787,0.13536370
2026-08-21T10:22:00Z,0.13823,0.13539947
2026-08-21T10:23:00Z,0.13804,0.13543526
2026-08-21T10:24:00Z,0.13724,0.13547105
2026-08-21T10:25:00Z,0.13661,0.13550685
2026-08-21T10:26:00Z,0.13706,0.13554266
2026-08-21T10:27:00Z,0.13656,0.13557848
2026-08-21T10:28:00Z,0.13662,0.13561431
2026-08-21T10:29:00Z,0.13589,0.13565015
2026-08-21T10:30:00Z,0.13599,0.13568600
2026-08-21T10:31:00Z,0.13559,0.13572186
2026-08-21T10:32:00Z,0.13622,0.13575773
2026-08-21T10:33:00Z,0.13564,0.13579361
2026-08-21T10:34:00Z,0.13649,0.13582950
2026-08-21T10:35:00Z,0.13602,0.13586539
2026-08-21T10:36:00Z,0.1368,0.13590130
2026-08-21T10:37:00Z,0.13741,0.13593722
2026-08-21T10:38:00Z,0.13743,0.13597314
2026-08-21T10:39:00Z,0.13787,0.13600908
2026-08-21T10:40:00Z,0.13792,0.13604502
2026-08-21T10:41:00Z,0.1379,0.13608097
2026-08-21T10:42:00Z,0.13932,0.13611694
2026-08-21T10:43:00Z,0.13964,0.13615291
2026-08-21T10:44:00Z,0.13954,0.13618889
2026-08-21T10:45:00Z,0.13921,0.13622488
2026-08-21T10:46:00Z,0.1391,0.13626089
2026-08-21T10:47:00Z,0.13989,0.13629690
2026-08-21T10:48:00Z,0.13945,0.13633292
2026-08-21T10:49:00Z,0.13867,0.13636895
2026-08-21T10:50:00Z,0.13851,0.13640499
2026-08-21T10:51:00Z,0.1393,0.13644104
2026-08-21T10:52:00Z,0.13951,0.13647709
2026-08-21T10:53:00Z,0.13958,0.13651316
2026-08-21T10:54:00Z,0.13919,0.13654924
2026-08-21T10:55:00Z,0.13978,0.13658533
2026-08-21T10:56:00Z,0.13992,0.13662142
2026-08-21T10:57:00Z,0.13887,0.13665753
2026-08-21T10:58:00Z,0.13882,0.13669365
2026-08-21T10:59:00Z,0.13846,0.13672977
2026-08-21T11:00:00Z,0.13865,0.13676591
2026-08-21T11:01:00Z,0.13922,0.13680205
2026-08-21T11:02:00Z,0.13974,0.13683820
2026-08-21T11:03:00Z,0.14003,0.13687437
2026-08-21T11:04:00Z,0.1396,0.13691054
2026-08-21T11:05:00Z,0.14069,0.13694672
2026-08-21T11:06:00Z,0.14038,0.13698292
2026-08-21T11:07:00Z,0.14029,0.13701912
2026-08-21T11:08:00Z,0.14024,0.13705533
2026-08-21T11:09:00Z,0.14012,0.13709155
2026-08-21T11:10:00Z,0.14159,0.13712778
2026-08-21T11:11:00Z,0.14181,0.13716402
2026-08-21T11:12:00Z,0.14159,0.13720027
2026-08-21T11:13:00Z,0.14098,0.13723653
2026-08-21T11:14:00Z,0.14125,0.13727280
2026-08-21T11:15:00Z,0.14174,0.13730908
2026-08-21T11:16:00Z,0.14158,0.13734536
2026-08-21T11:17:00Z,0.1421,0.13738166
2026-08-21T11:18:00Z,0.14208,0.13741797
2026-08-21T11:19:00Z,0.14158,0.13745429
2026-08-21T11:20:00Z,0.14137,0.13749061
2026-08-21T11:21:00Z,0.14107,0.13752695
2026-08-21T11:22:00Z,0.14146,0.13756329
2026-08-21T11:23:00Z,0.14154,0.13759965
2026-08-21T11:24:00Z,0.14189,0.13763601
2026-08-21T11:25:00Z,0.1406,0.13767239
2026-08-21T11:26:00Z,0.14114,0.13770877
2026-08-21T11:27:00Z,0.14203,0.13774516
2026-08-21T11:28:00Z,0.14178,0.13778157
2026-08-21T11:29:00Z,0.14245,0.13781798
2026-08-21T11:30:00Z,0.14275,0.13785440
2026-08-21T11:31:00Z,0.14269,0.13789083
2026-08-21T11:32:00Z,0.14298,0.13792728
2026-08-21T11:33:00Z,0.14175,0.13796373
2026-08-21T11:34:00Z,0.14136,0.13800019
2026-08-21T11:35:00Z,0.13979,0.13803666
2026-08-21T11:36:00Z,0.1402,0.13807314
2026-08-21T11:37:00Z,0.14032,0.13810963
2026-08-21T11:38:00Z,0.1402,0.13814613
2026-08-21T11:39:00Z,0.14055,0.13818264
2026-08-21T11:40:00Z,0.14151,0.13821916
2026-08-21T11:41:00Z,0.14082,0.13825569
2026-08-21T11:42:00Z,0.14105,0.13829222
2026-08-21T11:43:00Z,0.14033,0.13832877
2026-08-21T11:44:00Z,0.14006,0.13836533
2026-08-21T11:45:00Z,0.14019,0.13840190
2026-08-21T11:46:00Z,0.14016,0.13843847
2026-08-21T11:47:00Z,0.13894,0.13847506
2026-08-21T11:48:00Z,0.13853,0.13851165
2026-08-21T11:49:00Z,0.13847,0.13854826
2026-08-21T11:50:00Z,0.13881,0.13858488
2026-08-21T11:51:00Z,0.1392,0.13862150
2026-08-21T11:52:00Z,0.1399,0.13865814
2026-08-21T11:53:00Z,0.1397,0.13869478
2026-08-21T11:54:00Z,0.14036,0.13873143
2026-08-21T11:55:00Z,0.14043,0.13876810
2026-08-21T11:56:00Z,0.14016,0.13880477
2026-08-21T11:57:00Z,0.14018,0.13884146
2026-08-21T11:58:00Z,0.14083,0.13887815
2026-08-21T11:59:00Z,0.14108,0.13891485
2026-08-21T12:00:00Z,0.14086,0.13895156
2026-08-21T12:01:00Z,0.14048,0.13898829
2026-08-21T12:02:00Z,0.14043,0.13902502
2026-08-21T12:03:00Z,0.14099,0.13906176
2026-08-21T12:04:00Z,0.14168,0.13909851
2026-08-21T12:05:00Z,0.14103,0.13913527
2026-08-21T12:06:00Z,0.14078,0.13917204
2026-08-21T12:07:00Z,0.14049,0.13920882
2026-08-21T12:08:00Z,0.13969,0.13924561
2026-08-21T12:09:00Z,0.13937,0.13928241
2026-08-21T12:10:00Z,0.13891,0.13931922
2026-08-21T12:11:00Z,0.13877,0.13935604
2026-08-21T12:12:00Z,0.13907,0.13939287
2026-08-21T12:13:00Z,0.13947,0.13942971
2026-08-21T12:14:00Z,0.1403,0.13946656
2026-08-21T12:15:00Z,0.14007,0.13950341
2026-08-21T12:16:00Z,0.14032,0.13954028
2026-08-21T12:17:00Z,0.14056,0.13957716
2026-08-21T12:18:00Z,0.14122,0.13961405
2026-08-21T12:19:00Z,0.14063,0.13965094
2026-08-21T12:20:00Z,0.14052,0.13968785
2026-08-21T12:21:00Z,0.14084,0.13972477
2026-08-21T12:22:00Z,0.13945,0.13976169
2026-08-21T12:23:00Z,0.14005,0.13979863
2026-08-21T12:24:00Z,0.13995,0.13983557
2026-08-21T12:25:00Z,0.14071,0.13987253
2026-08-21T12:26:00Z,0.14074,0.13990950
2026-08-21T12:27:00Z,0.14067,0.13994647
2026-08-21T12:28:00Z,0.14032,0.13998346
2026-08-21T12:29:00Z,0.14027,0.14002045
2026-08-21T12:30:00Z,0.14083,0.14005746
2026-08-21T12:31:00Z,0.14055,0.14009447
2026-08-21T12:32:00Z,0.13969,0.14013149
2026-08-21T12:33:00Z,0.13925,0.14016853
2026-08-21T12:34:00Z,0.13936,0.14020557
2026-08-21T12:35:00Z,0.13967,0.14024262
2026-08-21T12:36:00Z,0.14065,0.14027969
2026-08-21T12:37:00Z,0.14088,0.14031676
2026-08-21T12:38:00Z,0.14083,0.14035384
2026-08-21T12:39:00Z,0.14063,0.14039094
2026-08-21T12:40:00Z,0.14078,0.14042804
2026-08-21T12:41:00Z,0.1401,0.14046515
2026-08-21T12:42:00Z,0.13996,0.14050227
2026-08-21T12:43:00Z,0.13984,0.14053940
2026-08-21T12:44:00Z,0.14117,0.14057655
2026-08-21T12:45:00Z,0.14113,0.14061370
2026-08-21T12:46:00Z,0.14118,0.14065086
2026-08-21T12:47:00Z,0.14026,0.14068803
2026-08-21T12:48:00Z,0.13882,0.14072521
2026-08-21T12:49:00Z,0.13933,0.14076240
2026-08-21T12:50:00Z,0.13921,0.14079960
2026-08-21T12:51:00Z,0.13815,0.14083681
2026-08-21T12:52:00Z,0.13771,0.14087403
2026-08-21T12:53:00Z,0.13823,0.14091126
2026-08-21T12:54:00Z,0.13872,0.14094850
2026-08-21T12:55:00Z,0.13853,0.14098575
2026-08-21T12:56:00Z,0.13884,0.14102301
2026-08-21T12:57:00Z,0.13877,0.14106028
2026-08-21T12:58:00Z,0.13882,0.14109756
2026-08-21T12:59:00Z,0.13908,0.14113485
2026-08-21T13:00:00Z,0.13952,0.14117215
2026-08-21T13:01:00Z,0.13897,0.14120946
2026-08-21T13:02:00Z,0.13966,0.14124678
2026-08-21T13:03:00Z,0.1401,0.14128411
2026-08-21T13:04:00Z,0.14012,0.14132144
2026-08-21T13:05:00Z,0.14059,0.14135879
2026-08-21T13:06:00Z,0.14064,0.14139615
2026-08-21T13:07:00Z,0.14126,0.14143352
2026-08-21T13:08:00Z,0.14142,0.14147090
2026-08-21T13:09:00Z,0.14101,0.14150828
2026-08-21T13:10:00Z,0.14056,0.14154568
2026-08-21T13:11:00Z,0.14044,0.14158309
2026-08-21T13:12:00Z,0.14043,0.14162051
2026-08-21T13:13:00Z,0.14113,0.14165793
2026-08-21T13:14:00Z,0.14149,0.14169537
2026-08-21T13:15:00Z,0.14183,0.14173282
2026-08-21T13:16:00Z,0.1415,0.14177028
2026-08-21T13:17:00Z,0.14113,0.14180774
2026-08-21T13:18:00Z,0.14127,0.14184522
2026-08-21T13:19:00Z,0.1415,0.14188271
2026-08-21T13:20:00Z,0.14234,0.14192020
2026-08-21T13:21:00Z,0.14212,0.14195771
2026-08-21T13:22:00Z,0.14235,0.14199523
2026-08-21T13:23:00Z,0.14255,0.14203275
2026-08-21T13:24:00Z,0.14242,0.14207029
2026-08-21T13:25:00Z,0.1425,0.14210783
2026-08-21T13:26:00Z,0.14301,0.14214539
2026-08-21T13:27:00Z,0.14315,0.14218296
2026-08-21T13:28:00Z,0.14308,0.14222053
2026-08-21T13:29:00Z,0.142,0.14225812
2026-08-21T13:30:00Z,0.1415,0.14229571
2026-08-21T13:31:00Z,0.14146,0.14233332
2026-08-21T13:32:00Z,0.14081,0.14237094
2026-08-21T13:33:00Z,0.14082,0.14240856
2026-08-21T13:34:00Z,0.14179,0.14244620
2026-08-21T13:35:00Z,0.14149,0.14248384
2026-08-21T13:36:00Z,0.14116,0.14252150
2026-08-21T13:37:00Z,0.14117,0.14255916
2026-08-21T13:38:00Z,0.14127,0.14259684
2026-08-21T13:39:00Z,0.14239,0.14263452
2026-08-21T13:40:00Z,0.14268,0.14267222
2026-08-21T13:41:00Z,0.14326,0.14270993
2026-08-21T13:42:00Z,0.14334,0.14274764
2026-08-21T13:43:00Z,0.14367,0.14278537
2026-08-21T13:44:00Z,0.14368,0.14282310
2026-08-21T13:45:00Z,0.14386,0.14286085
2026-08-21T13:46:00Z,0.14401,0.14289860
2026-08-21T13:47:00Z,0.14367,0.14293637
2026-08-21T13:48:00Z,0.14382,0.14297414
2026-08-21T13:49:00Z,0.14346,0.14301193
2026-08-21T13:50:00Z,0.14396,0.14304972
2026-08-21T13:51:00Z,0.14435,0.14308753
2026-08-21T13:52:00Z,0.14445,0.14312534
2026-08-21T13:53:00Z,0.14513,0.14316317
2026-08-21T13:54:00Z,0.14454,0.14320100
2026-08-21T13:55:00Z,0.14463,0.14323885
2026-08-21T13:56:00Z,0.14472,0.14327670
2026-08-21T13:57:00Z,0.14438,0.14331457
2026-08-21T13:58:00Z,0.14447,0.14335244
2026-08-21T13:59:00Z,0.14458,0.14339033
2026-08-21T14:00:00Z,0.14502,0.14342822
2026-08-21T14:01:00Z,0.146,0.14346613
2026-08-21T14:02:00Z,0.14584,0.14350404
2026-08-21T14:03:00Z,0.14363,0.14354197
2026-08-21T14:04:00Z,0.14394,0.14357990
2026-08-21T14:05:00Z,0.14287,0.14361785
2026-08-21T14:06:00Z,0.14293,0.14365580
2026-08-21T14:07:00Z,0.14245,0.14369377
2026-08-21T14:08:00Z,0.14272,0.14373174
2026-08-21T14:09:00Z,0.14343,0.14376973
2026-08-21T14:10:00Z,0.14405,0.14380772
2026-08-21T14:11:00Z,0.14455,0.14384573
2026-08-21T14:12:00Z,0.14469,0.14388375
2026-08-21T14:13:00Z,0.14428,0.14392177
2026-08-21T14:14:00Z,0.1439,0.14395981
2026-08-21T14:15:00Z,0.14301,0.14399785
2026-08-21T14:16:00Z,0.14371,0.14403591
2026-08-21T14:17:00Z,0.14407,0.14407397
2026-08-21T14:18:00Z,0.14415,0.14411205
2026-08-21T14:19:00Z,0.14388,0.14415013
2026-08-21T14:20:00Z,0.1438,0.14418823
2026-08-21T14:21:00Z,0.1436,0.14422634
2026-08-21T14:22:00Z,0.14341,0.14426445
2026-08-21T14:23:00Z,0.14422,0.14430258
2026-08-21T14:24:00Z,0.14467,0.14434071
2026-08-21T14:25:00Z,0.14538,0.14437886
2026-08-21T14:26:00Z,0.14571,0.14441702
2026-08-21T14:27:00Z,0.14591,0.14445518
2026-08-21T14:28:00Z,0.14629,0.14449336
2026-08-21T14:29:00Z,0.14658,0.14453155
2026-08-21T14:30:00Z,0.14686,0.14456974
2026-08-21T14:31:00Z,0.14689,0.14460795
2026-08-21T14:32:00Z,0.1465,0.14464617
2026-08-21T14:33:00Z,0.1463,0.14468439
2026-08-21T14:34:00Z,0.14587,0.14472263
2026-08-21T14:35:00Z,0.14653,0.14476088
2026-08-21T14:36:00Z,0.14712,0.14479914
2026-08-21T14:37:00Z,0.14714,0.14483740
2026-08-21T14:38:00Z,0.147,0.14487568
2026-08-21T14:39:00Z,0.14651,0.14491397
2026-08-21T14:40:00Z,0.14599,0.14495227
2026-08-21T14:41:00Z,0.14545,0.14499057
2026-08-21T14:42:00Z,0.14596,0.14502889
2026-08-21T14:43:00Z,0.14584,0.14506722
2026-08-21T14:44:00Z,0.14557,0.14510556
2026-08-21T14:45:00Z,0.14617,0.14514391
2026-08-21T14:46:00Z,0.14585,0.14518227
2026-08-21T14:47:00Z,0.14533,0.14522063
2026-08-21T14:48:00Z,0.14546,0.14525901
2026-08-21T14:49:00Z,0.14541,0.14529740
2026-08-21T14:50:00Z,0.14728,0.14533580
2026-08-21T14:51:00Z,0.14788,0.14537421
